Country,Date,Weekly new ICU admissions,Weekly new hospital admissions,Mortality
Chile,2020-04-19,920,3994,46
Chile,2020-04-26,1549,4506,53
Chile,2020-05-03,1482,5923,55
Chile,2020-05-10,1890,9679,66
Chile,2020-05-17,2721,15112,57
Chile,2020-05-24,4205,22456,117
Chile,2020-05-31,5152,28448,252
Chile,2020-06-07,5354,28940,324
Chile,2020-06-14,5573,29869,544
Chile,2020-06-21,6550,28329,1560
Chile,2020-06-28,6696,25815,1194
Chile,2020-07-05,5696,21335,1052
Chile,2020-07-12,5238,19040,845
Chile,2020-07-19,4566,15834,689
Chile,2020-07-26,3746,13411,1564
Chile,2020-08-02,3174,12287,575
Chile,2020-08-09,2815,11037,513
Chile,2020-08-16,2581,10286,478
Chile,2020-08-23,2300,9825,384
Chile,2020-08-30,2280,9522,397
Chile,2020-09-06,2136,9830,389
Chile,2020-09-13,2454,9536,370
Chile,2020-09-20,2261,8854,344
Chile,2020-09-27,2166,8518,359
Chile,2020-10-04,2108,8703,337
Chile,2020-10-11,2063,8458,328
Chile,2020-10-18,1963,7620,353
Chile,2020-10-25,1858,7407,316
Chile,2020-11-01,1974,6898,304
Chile,2020-11-08,1829,6574,315
Chile,2020-11-15,1786,6605,292
Chile,2020-11-22,1865,6660,278
Chile,2020-11-29,1749,7136,253
Chile,2020-12-06,1833,6705,292
Chile,2020-12-13,1631,6868,270
Chile,2020-12-20,1868,7740,254
Chile,2020-12-27,2276,8538,255
Chile,2021-01-03,2419,9448,303
Chile,2021-01-10,2912,11890,633
Chile,2021-01-17,3864,14764,398
Chile,2021-01-24,4463,16773,419
Chile,2021-01-31,5008,17673,485
Chile,2021-02-07,5264,16936,556
Chile,2021-02-14,5015,15643,548
Chile,2021-02-21,5065,15709,531
Chile,2021-02-28,5038,16312,502
Chile,2021-03-07,5427,17826,532
Chile,2021-03-14,6552,20709,566
Chile,2021-03-21,7549,23020,606
Chile,2021-03-28,8494,26542,473
Chile,2021-04-04,9705,29000,871
Chile,2021-04-11,10849,30804,689
Chile,2021-04-18,11464,29791,842
Chile,2021-04-25,10709,27991,687
Chile,2021-05-02,9678,26519,715
Chile,2021-05-09,8813,24119,644
Chile,2021-05-16,7892,23170,633
Chile,2021-05-23,7935,24654,652
Chile,2021-05-30,8993,27278,661
Chile,2021-06-06,10148,28568,769
Chile,2021-06-13,10026,29130,763
Chile,2021-06-20,9569,27707,813
Chile,2021-06-27,8329,22969,771
Chile,2021-07-04,7353,18529,810
Chile,2021-07-11,5832,15001,794
Chile,2021-07-18,4033,11877,636
Chile,2021-07-25,3146,9250,555
Chile,2021-08-01,2471,7386,490
Chile,2021-08-08,2157,6456,503
Chile,2021-08-15,1941,5497,380
Chile,2021-08-22,1709,4806,274
Chile,2021-08-29,1370,3765,236
Chile,2021-09-05,1040,3017,226
Chile,2021-09-12,1002,2588,134
Chile,2021-09-19,874,2266,138
Chile,2021-09-26,739,2238,93
Chile,2021-10-03,715,2464,52
Chile,2021-10-10,868,2893,70
Chile,2021-10-17,906,3558,43
Chile,2021-10-24,1223,4201,65
Chile,2021-10-31,1395,4733,81
Chile,2021-11-07,1479,5216,98
Chile,2021-11-14,1694,5910,110
Chile,2021-11-21,1825,6169,143
Chile,2021-11-28,1874,6272,188
Chile,2021-12-05,1784,6079,183
Chile,2021-12-12,1689,5334,181
Chile,2021-12-19,1400,4626,194
Chile,2021-12-26,1087,4228,173
Chile,2022-01-02,929,4172,127
Chile,2022-01-09,935,4739,111
Chile,2022-01-16,846,6023,125
Chile,2022-01-23,927,8391,121
Chile,2022-01-30,1117,13338,156
Chile,2022-02-06,1815,19193,277
Chile,2022-02-13,3024,23885,534
Chile,2022-02-20,3432,23874,732
Chile,2022-02-27,3512,21279,874
Chile,2022-03-06,3201,17710,885
Chile,2022-03-13,2590,13233,830
Chile,2022-03-20,1807,9726,655
Chile,2022-03-27,1342,7113,11858
Chile,2022-04-03,975,5075,391
Chile,2022-04-10,789,3835,308
Chile,2022-04-17,507,3127,234
Chile,2022-04-24,419,2700,144
Chile,2022-05-01,363,2366,152
Chile,2022-05-08,265,2331,102
Chile,2022-05-15,261,2926,85
Chile,2022-05-22,336,3746,80
Chile,2022-05-29,334,4298,83
Chile,2022-06-05,536,5505,78
Chile,2022-06-12,663,6673,121
Chile,2022-06-19,638,6773,150
Chile,2022-06-26,633,7244,159
Chile,2022-07-03,606,7378,178
Chile,2022-07-10,762,7900,224
Chile,2022-07-17,689,7684,252
Chile,2022-07-24,595,7020,264
Chile,2022-07-31,617,6637,249
Chile,2022-08-07,608,6406,221
Chile,2022-08-14,523,6127,188
Chile,2022-08-21,464,5913,213
Chile,2022-08-28,549,6248,208
Chile,2022-09-04,425,5372,189
Chile,2022-09-11,458,4935,178
Chile,2022-09-18,371,4411,174
Chile,2022-09-25,340,4090,123
Chile,2022-10-02,398,4281,132
Chile,2022-10-09,359,3570,128
Chile,2022-10-16,243,3467,106
Chile,2022-10-23,286,4436,123
Chile,2022-10-30,411,4673,117
Chile,2022-11-06,397,5026,137
Chile,2022-11-13,496,5884,194
Chile,2022-11-20,552,5589,182
Chile,2022-11-27,570,4950,192
Chile,2022-12-04,383,4323,186
Chile,2022-12-11,344,3961,165
Chile,2022-12-18,311,3750,142
Chile,2022-12-25,299,3984,162
Chile,2023-01-01,359,4662,160
Chile,2023-01-08,219,4825,158
Chile,2023-01-15,0,4937,166
Chile,2023-01-22,225,4051,144
Chile,2023-01-29,354,3375,124
Chile,2023-02-05,292,2989,111
Chile,2023-02-12,253,2903,110
Chile,2023-02-19,216,2457,82
Chile,2023-02-26,179,2779,91
Chile,2023-03-05,216,2870,64
Chile,2023-03-12,248,3399,79
Chile,2023-03-19,266,3460,78
Chile,2023-03-26,276,3346,103
Chile,2023-04-02,234,2964,-3432
Chile,2023-04-09,250,2207,92
Chile,2023-04-16,191,1240,105
Czechia,2020-03-08,0,0,0
Czechia,2020-03-15,0,27,0
Czechia,2020-03-22,86,561,0
Czechia,2020-03-29,305,1542,1
Czechia,2020-04-05,352,2035,22
Czechia,2020-04-12,300,1977,51
Czechia,2020-04-19,155,1187,72
Czechia,2020-04-26,207,1363,43
Czechia,2020-05-03,77,816,35
Czechia,2020-05-10,69,586,30
Czechia,2020-05-17,67,385,26
Czechia,2020-05-24,56,337,17
Czechia,2020-05-31,25,294,17
Czechia,2020-06-07,16,233,4
Czechia,2020-06-14,40,264,8
Czechia,2020-06-21,34,372,5
Czechia,2020-06-28,39,321,8
Czechia,2020-07-05,43,301,7
Czechia,2020-07-12,66,354,6
Czechia,2020-07-19,25,316,3
Czechia,2020-07-26,20,444,6
Czechia,2020-08-02,39,653,11
Czechia,2020-08-09,47,562,14
Czechia,2020-08-16,93,680,7
Czechia,2020-08-23,57,812,9
Czechia,2020-08-30,90,987,16
Czechia,2020-09-06,177,1269,8
Czechia,2020-09-13,209,2016,17
Czechia,2020-09-20,396,3547,29
Czechia,2020-09-27,772,5851,56
Czechia,2020-10-04,1035,8348,99
Czechia,2020-10-11,1837,14359,146
Czechia,2020-10-18,2419,22977,301
Czechia,2020-10-25,3476,36995,496
Czechia,2020-11-01,4586,50178,899
Czechia,2020-11-08,4386,50136,1359
Czechia,2020-11-15,3419,41139,1534
Czechia,2020-11-22,2736,31464,1277
Czechia,2020-11-29,2340,26428,976
Czechia,2020-12-06,2123,24050,868
Czechia,2020-12-13,2173,24931,756
Czechia,2020-12-20,2395,26413,697
Czechia,2020-12-27,2697,27904,767
Czechia,2021-01-03,3814,39149,771
Czechia,2021-01-10,4230,47163,2217
Czechia,2021-01-17,3728,41770,1164
Czechia,2021-01-24,3264,35248,1041
Czechia,2021-01-31,3055,32499,978
Czechia,2021-02-07,3320,32584,920
Czechia,2021-02-14,3486,33203,948
Czechia,2021-02-21,3665,37386,1091
Czechia,2021-02-28,4525,44237,1208
Czechia,2021-03-07,5221,50328,1419
Czechia,2021-03-14,5071,50940,1547
Czechia,2021-03-21,4569,48805,1423
Czechia,2021-03-28,4125,42447,1204
Czechia,2021-04-04,3569,36434,1037
Czechia,2021-04-11,2985,30457,794
Czechia,2021-04-18,2268,22376,572
Czechia,2021-04-25,1956,18324,420
Czechia,2021-05-02,1518,13535,341
Czechia,2021-05-09,1249,11363,262
Czechia,2021-05-16,920,8036,168
Czechia,2021-05-23,538,5246,108
Czechia,2021-05-30,422,3257,58
Czechia,2021-06-06,323,2169,39
Czechia,2021-06-13,155,1164,27
Czechia,2021-06-20,100,752,14
Czechia,2021-06-27,44,468,11
Czechia,2021-07-04,67,319,7
Czechia,2021-07-11,65,255,3
Czechia,2021-07-18,73,323,3
Czechia,2021-07-25,87,470,3
Czechia,2021-08-01,67,466,4
Czechia,2021-08-08,82,478,4
Czechia,2021-08-15,89,430,5
Czechia,2021-08-22,77,529,10
Czechia,2021-08-29,99,516,8
Czechia,2021-09-05,77,508,2
Czechia,2021-09-12,135,844,8
Czechia,2021-09-19,166,1134,16
Czechia,2021-09-26,171,1175,13
Czechia,2021-10-03,190,1443,15
Czechia,2021-10-10,369,2348,26
Czechia,2021-10-17,494,3249,54
Czechia,2021-10-24,627,5958,89
Czechia,2021-10-31,983,10192,166
Czechia,2021-11-07,1484,17520,308
Czechia,2021-11-14,2039,24071,464
Czechia,2021-11-21,2514,30872,693
Czechia,2021-11-28,3180,37657,772
Czechia,2021-12-05,3241,39132,839
Czechia,2021-12-12,2609,34541,813
Czechia,2021-12-19,2349,28561,721
Czechia,2021-12-26,1874,20880,541
Czechia,2022-01-02,1812,17181,415
Czechia,2022-01-09,1376,13175,332
Czechia,2022-01-16,967,9477,245
Czechia,2022-01-23,842,10102,164
Czechia,2022-01-30,1363,17155,168
Czechia,2022-02-06,1853,26736,306
Czechia,2022-02-13,2007,32094,398
Czechia,2022-02-20,1804,29684,371
Czechia,2022-02-27,1821,25042,355
Czechia,2022-03-06,1385,19669,289
Czechia,2022-03-13,1062,18071,208
Czechia,2022-03-20,1064,17897,189
Czechia,2022-03-27,1080,15533,191
Czechia,2022-04-03,998,14034,153
Czechia,2022-04-10,890,12127,167
Czechia,2022-04-17,746,9417,86
Czechia,2022-04-24,545,7444,91
Czechia,2022-05-01,388,6221,78
Czechia,2022-05-08,243,4152,53
Czechia,2022-05-15,246,2426,23
Czechia,2022-05-22,98,1642,12
Czechia,2022-05-29,130,1149,12
Czechia,2022-06-05,101,876,6
Czechia,2022-06-12,66,831,8
Czechia,2022-06-19,60,885,5
Czechia,2022-06-26,34,1123,2
Czechia,2022-07-03,101,2069,14
Czechia,2022-07-10,167,2495,17
Czechia,2022-07-17,264,4437,25
Czechia,2022-07-24,492,7591,46
Czechia,2022-07-31,693,11046,104
Czechia,2022-08-07,571,10364,89
Czechia,2022-08-14,453,9778,82
Czechia,2022-08-21,511,8829,91
Czechia,2022-08-28,391,7135,51
Czechia,2022-09-04,421,6560,46
Czechia,2022-09-11,514,6547,55
Czechia,2022-09-18,485,7757,57
Czechia,2022-09-25,540,9252,68
Czechia,2022-10-02,767,14491,99
Czechia,2022-10-09,923,16073,129
Czechia,2022-10-16,877,14309,137
Czechia,2022-10-23,647,10946,94
Czechia,2022-10-30,448,7906,74
Czechia,2022-11-06,508,6086,67
Czechia,2022-11-13,346,4865,56
Czechia,2022-11-20,301,4431,35
Czechia,2022-11-27,377,4862,44
Czechia,2022-12-04,342,5749,41
Czechia,2022-12-11,451,6642,53
Czechia,2022-12-18,384,6827,59
Czechia,2022-12-25,457,7009,65
Czechia,2023-01-01,420,5659,71
Czechia,2023-01-08,394,5225,58
Czechia,2023-01-15,327,3476,39
Czechia,2023-01-22,359,2529,30
Czechia,2023-01-29,167,2495,16
Czechia,2023-02-05,145,3064,21
Czechia,2023-02-12,176,3735,27
Czechia,2023-02-19,257,5416,37
Czechia,2023-02-26,280,6853,47
Czechia,2023-03-05,310,6611,43
Czechia,2023-03-12,439,7020,32
Czechia,2023-03-19,381,7309,66
Czechia,2023-03-26,332,6459,51
Czechia,2023-04-02,334,4893,42
Czechia,2023-04-09,269,3736,30
Czechia,2023-04-16,188,3383,22
Czechia,2023-04-23,134,2328,23
Czechia,2023-04-30,124,1788,15
Czechia,2023-05-07,75,1178,11
Czechia,2023-05-14,64,991,9
Czechia,2023-05-21,75,892,6
Czechia,2023-05-28,33,485,7
Czechia,2023-06-04,0,416,1
Czechia,2023-06-11,12,311,1
Czechia,2023-06-18,28,169,2
Czechia,2023-06-25,9,176,1
Czechia,2023-07-02,6,80,0
Czechia,2023-07-09,19,103,0
Czechia,2023-07-16,10,124,2
Czechia,2023-07-23,14,69,1
Czechia,2023-07-30,21,88,0
Czechia,2023-08-06,11,69,0
Czechia,2023-08-13,13,151,0
Czechia,2023-08-20,12,216,2
Czechia,2023-08-27,16,392,3
Czechia,2023-09-03,37,383,3
Czechia,2023-09-10,37,560,5
Czechia,2023-09-17,107,1240,6
Czechia,2023-09-24,132,1685,9
Czechia,2023-10-01,143,1999,9
Czechia,2023-10-08,159,2499,16
Czechia,2023-10-15,166,2621,17
Czechia,2023-10-22,198,3366,18
Czechia,2023-10-29,239,4468,18
Czechia,2023-11-05,324,5490,37
Czechia,2023-11-12,233,4685,26
Czechia,2023-11-19,337,5423,37
Czechia,2023-11-26,391,7119,27
Estonia,2020-03-29,52,522,0
Estonia,2020-04-05,0,0,73
Estonia,2020-04-12,0,0,16
Estonia,2020-04-19,0,0,9
Estonia,2020-04-26,8,24,14
Estonia,2020-05-03,8,24,9
Estonia,2020-05-10,5,5,4
Estonia,2020-05-17,5,10,4
Estonia,2020-05-24,1,27,2
Estonia,2020-05-31,1,9,1
Estonia,2020-06-07,0,4,3
Estonia,2020-06-14,0,8,1
Estonia,2020-06-21,0,0,1
Estonia,2020-06-28,1,2,0
Estonia,2020-07-05,1,1,0
Estonia,2020-07-12,2,2,0
Estonia,2020-07-19,1,0,0
Estonia,2020-07-26,0,1,0
Estonia,2020-08-02,0,2,0
Estonia,2020-08-09,1,5,0
Estonia,2020-08-16,0,3,0
Estonia,2020-08-23,0,8,0
Estonia,2020-08-30,0,9,1
Estonia,2020-09-06,0,5,0
Estonia,2020-09-13,1,12,0
Estonia,2020-09-20,3,27,0
Estonia,2020-09-27,3,33,0
Estonia,2020-10-04,4,30,0
Estonia,2020-10-11,4,15,3
Estonia,2020-10-18,2,21,1
Estonia,2020-10-25,4,18,0
Estonia,2020-11-01,3,32,5
Estonia,2020-11-08,4,43,0
Estonia,2020-11-15,8,60,3
Estonia,2020-11-22,8,127,5
Estonia,2020-11-29,12,156,10
Estonia,2020-12-06,15,190,24
Estonia,2020-12-13,19,186,16
Estonia,2020-12-20,20,242,19
Estonia,2020-12-27,29,273,28
Estonia,2021-01-03,33,282,32
Estonia,2021-01-10,31,276,73
Estonia,2021-01-17,29,297,48
Estonia,2021-01-24,32,294,47
Estonia,2021-01-31,26,297,42
Estonia,2021-02-07,21,323,42
Estonia,2021-02-14,22,363,36
Estonia,2021-02-21,28,368,38
Estonia,2021-02-28,28,410,57
Estonia,2021-03-07,40,544,66
Estonia,2021-03-14,52,568,59
Estonia,2021-03-21,57,552,69
Estonia,2021-03-28,51,568,82
Estonia,2021-04-04,0,0,3
Estonia,2021-04-11,53,393,86
Estonia,2021-04-18,40,296,60
Estonia,2021-04-25,41,265,49
Estonia,2021-05-02,42,216,26
Estonia,2021-05-09,31,196,31
Estonia,2021-05-16,29,142,21
Estonia,2021-05-23,20,134,14
Estonia,2021-05-30,8,82,13
Estonia,2021-06-06,7,47,11
Estonia,2021-06-13,5,41,2
Estonia,2021-06-20,3,40,2
Estonia,2021-06-27,4,24,1
Estonia,2021-07-04,4,17,1
Estonia,2021-07-11,2,22,0
Estonia,2021-07-18,1,16,1
Estonia,2021-07-25,2,29,0
Estonia,2021-08-01,2,42,1
Estonia,2021-08-08,1,48,4
Estonia,2021-08-15,6,67,2
Estonia,2021-08-22,11,69,5
Estonia,2021-08-29,10,112,7
Estonia,2021-09-05,11,115,11
Estonia,2021-09-12,10,143,11
Estonia,2021-09-19,13,133,14
Estonia,2021-09-26,14,147,22
Estonia,2021-10-03,13,198,23
Estonia,2021-10-10,20,241,27
Estonia,2021-10-17,17,347,31
Estonia,2021-10-24,33,427,37
Estonia,2021-10-31,37,458,72
Estonia,2021-11-07,0,0,0
Estonia,2021-11-14,34,365,72
Estonia,2021-11-21,27,255,53
Estonia,2021-11-28,24,204,55
Estonia,2021-12-05,19,149,27
Estonia,2021-12-12,17,221,38
Estonia,2021-12-19,21,172,23
Estonia,2021-12-26,15,179,29
Estonia,2022-01-02,16,160,23
Estonia,2022-01-09,12,196,16
Estonia,2022-01-16,16,259,28
Estonia,2022-01-23,22,276,24
Estonia,2022-01-30,13,318,25
Estonia,2022-02-06,7,367,32
Estonia,2022-02-13,14,483,45
Estonia,2022-02-20,16,606,54
Estonia,2022-02-27,16,563,64
Estonia,2022-03-06,9,547,59
Estonia,2022-03-13,14,494,58
Estonia,2022-03-20,11,345,33
Estonia,2022-03-27,8,341,40
Estonia,2022-04-03,7,239,22
Estonia,2022-04-10,4,246,29
Estonia,2022-04-17,4,134,22
Estonia,2022-04-24,2,140,13
Estonia,2022-05-01,1,110,9
Estonia,2022-05-08,1,131,8
Estonia,2022-05-15,1,98,3
Estonia,2022-05-22,4,81,5
Estonia,2022-05-29,1,83,8
Estonia,2022-06-05,2,76,10
Estonia,2022-06-12,1,59,2
Estonia,2022-06-19,4,64,2
Estonia,2022-06-26,3,80,3
Estonia,2022-07-03,3,97,8
Estonia,2022-07-10,2,79,8
Estonia,2022-07-17,2,97,4
Estonia,2022-07-24,2,116,8
Estonia,2022-07-31,3,142,8
Estonia,2022-08-07,1,121,6
Estonia,2022-08-14,7,128,8
Estonia,2022-08-21,5,90,5
Estonia,2022-08-28,1,95,4
Estonia,2022-09-04,1,75,6
Estonia,2022-09-11,2,101,4
Estonia,2022-09-18,3,149,6
Estonia,2022-09-25,3,149,14
Estonia,2022-10-02,3,149,11
Estonia,2022-10-09,3,200,21
Estonia,2022-10-16,3,175,16
Estonia,2022-10-23,2,217,10
Estonia,2022-10-30,3,173,9
Estonia,2022-11-06,3,178,9
Estonia,2022-11-13,3,163,15
Estonia,2022-11-20,0,163,9
Estonia,2022-11-27,4,160,9
Estonia,2022-12-04,1,189,9
Estonia,2022-12-11,3,231,15
Estonia,2022-12-18,2,259,23
Estonia,2022-12-25,3,244,17
Estonia,2023-01-01,3,234,19
Estonia,2023-01-08,4,148,13
Estonia,2023-01-15,4,135,12
Estonia,2023-01-22,1,108,8
Estonia,2023-01-29,2,131,8
Estonia,2023-02-05,1,109,7
Estonia,2023-02-12,1,113,7
Estonia,2023-02-19,2,108,8
Estonia,2023-02-26,1,115,6
Estonia,2023-03-05,4,119,6
Estonia,2023-03-12,1,100,3
Estonia,2023-03-19,1,115,8
Estonia,2023-03-26,2,131,8
Estonia,2023-04-02,1,162,6
Estonia,2023-04-09,1,144,8
Estonia,2023-04-16,1,112,7
Estonia,2023-04-23,1,142,14
Estonia,2023-04-30,1,98,9
Estonia,2023-05-07,0,53,1
Estonia,2023-05-14,1,80,3
Estonia,2023-05-21,1,40,3
Estonia,2023-05-28,1,38,2
Estonia,2023-06-04,1,32,2
Estonia,2023-06-11,0,29,2
Estonia,2023-06-18,0,14,0
Estonia,2023-06-25,0,15,1
Estonia,2023-07-02,0,9,0
Estonia,2023-07-09,0,6,0
Estonia,2023-07-16,0,13,1
Estonia,2023-07-23,0,9,1
Estonia,2023-07-30,0,0,0
Estonia,2023-08-06,0,10,1
Estonia,2023-08-13,0,6,0
Estonia,2023-08-20,0,5,0
Estonia,2023-08-27,0,6,0
Estonia,2023-09-03,1,19,0
Estonia,2023-09-10,0,17,0
Estonia,2023-09-17,1,28,0
Estonia,2023-09-24,0,20,1
Estonia,2023-10-01,1,26,0
Estonia,2023-10-08,0,21,0
Estonia,2023-10-15,0,21,0
Estonia,2023-10-22,0,42,1
Estonia,2023-10-29,0,86,3
Estonia,2023-11-05,4,148,6
Estonia,2023-11-12,1,78,2
Estonia,2023-11-19,2,112,5
Estonia,2023-11-26,3,120,1
France,2020-03-29,17387,85638,670
France,2020-04-05,32327,165225,2002
France,2020-04-12,24266,146301,3287
France,2020-04-19,13922,103035,3348
France,2020-04-26,9488,76686,2741
France,2020-05-03,6058,50089,2101
France,2020-05-10,4204,33747,1408
France,2020-05-17,3307,24450,1062
France,2020-05-24,2215,18077,815
France,2020-05-31,1681,13086,566
France,2020-06-07,1152,9195,474
France,2020-06-14,887,6931,335
France,2020-06-21,664,5296,263
France,2020-06-28,561,5077,164
France,2020-07-05,540,4588,123
France,2020-07-12,540,4231,105
France,2020-07-19,533,4027,133
France,2020-07-26,630,5067,105
France,2020-08-02,701,5439,103
France,2020-08-09,805,5544,81
France,2020-08-16,877,6480,76
France,2020-08-23,1107,7446,99
France,2020-08-30,1393,8752,122
France,2020-09-06,1821,10816,112
France,2020-09-13,2660,15598,141
France,2020-09-20,3733,22846,267
France,2020-09-27,4978,29224,433
France,2020-10-04,5842,28445,580
France,2020-10-11,6388,33096,604
France,2020-10-18,7911,45235,714
France,2020-10-25,11447,71188,983
France,2020-11-01,15897,108711,1796
France,2020-11-08,20202,133577,3161
France,2020-11-15,20396,129997,4812
France,2020-11-22,16785,107707,5500
France,2020-11-29,11569,76547,5617
France,2020-12-06,8571,61357,4691
France,2020-12-13,8201,60472,3966
France,2020-12-20,8321,62429,3798
France,2020-12-27,8151,59212,3389
France,2021-01-03,8274,52617,3120
France,2021-01-10,8932,57488,6350
France,2021-01-17,9786,65505,3461
France,2021-01-24,11513,75700,3418
France,2021-01-31,12822,79569,3162
France,2021-02-07,12903,79119,3078
France,2021-02-14,12833,74425,2909
France,2021-02-21,12535,66980,2534
France,2021-02-28,13064,67343,2171
France,2021-03-07,14154,66701,2071
France,2021-03-14,15552,68549,1889
France,2021-03-21,16638,73788,1838
France,2021-03-28,18695,84985,1866
France,2021-04-04,21137,94567,1994
France,2021-04-11,22281,95993,2145
France,2021-04-18,22443,98747,1993
France,2021-04-25,21619,91314,2093
France,2021-05-02,19048,81317,1992
France,2021-05-09,15035,64953,1554
France,2021-05-16,10605,46285,1225
France,2021-05-23,8304,34955,965
France,2021-05-30,6557,25762,793
France,2021-06-06,5496,22133,598
France,2021-06-13,4026,16543,385
France,2021-06-20,2688,11719,328
France,2021-06-27,1801,7512,243
France,2021-07-04,1349,5999,193
France,2021-07-11,1162,5509,163
France,2021-07-18,1353,7674,122
France,2021-07-25,2221,11390,144
France,2021-08-01,4149,19758,290
France,2021-08-08,6872,30287,350
France,2021-08-15,8327,36399,467
France,2021-08-22,8910,40937,828
France,2021-08-29,9194,41715,744
France,2021-09-05,7661,32927,685
France,2021-09-12,7193,27077,613
France,2021-09-19,5217,20449,485
France,2021-09-26,4143,16011,406
France,2021-10-03,3106,12273,331
France,2021-10-10,2388,10051,246
France,2021-10-17,2213,9293,207
France,2021-10-24,2303,10243,203
France,2021-10-31,2932,11325,206
France,2021-11-07,3143,12607,235
France,2021-11-14,3776,15545,246
France,2021-11-21,4581,20604,325
France,2021-11-28,6067,28611,466
France,2021-12-05,8744,39292,640
France,2021-12-12,11581,53640,930
France,2021-12-19,12796,59534,1067
France,2021-12-26,13139,60236,1180
France,2022-01-02,13856,71109,1336
France,2022-01-09,15466,94069,1504
France,2022-01-16,16373,109403,1539
France,2022-01-23,14399,124087,1723
France,2022-01-30,14238,137478,2006
France,2022-02-06,14823,138886,2069
France,2022-02-13,13470,121680,2055
France,2022-02-20,10855,91351,1810
France,2022-02-27,7917,68115,1414
France,2022-03-06,6182,51297,1124
France,2022-03-13,5086,46982,849
France,2022-03-20,4694,50837,810
France,2022-03-27,4732,54827,746
France,2022-04-03,5775,66174,819
France,2022-04-10,6595,76175,803
France,2022-04-17,7452,82801,864
France,2022-04-24,6690,69693,901
France,2022-05-01,7025,70174,877
France,2022-05-08,5251,52394,757
France,2022-05-15,4634,43509,622
France,2022-05-22,3364,31231,476
France,2022-05-29,2621,22352,328
France,2022-06-05,2369,19543,341
France,2022-06-12,2217,19245,260
France,2022-06-19,2735,24865,277
France,2022-06-26,3113,32195,313
France,2022-07-03,3950,43485,279
France,2022-07-10,5036,59006,443
France,2022-07-17,6150,68191,598
France,2022-07-24,6463,69902,750
France,2022-07-31,5741,60370,619
France,2022-08-07,4607,45440,547
France,2022-08-14,3597,35680,534
France,2022-08-21,2884,26999,428
France,2022-08-28,2447,25577,331
France,2022-09-04,2274,19926,315
France,2022-09-11,2089,18265,284
France,2022-09-18,1901,17937,210
France,2022-09-25,1969,20537,230
France,2022-10-02,2605,30557,225
France,2022-10-09,3474,43518,315
France,2022-10-16,3842,52692,417
France,2022-10-23,4673,56483,527
France,2022-10-30,4103,47912,496
France,2022-11-06,3421,34415,452
France,2022-11-13,2915,31741,400
France,2022-11-20,2981,33922,474
France,2022-11-27,3534,40047,455
France,2022-12-04,4447,48741,490
France,2022-12-11,4880,60039,589
France,2022-12-18,6120,72508,727
France,2022-12-25,6123,73198,809
France,2023-01-01,5428,57777,815
France,2023-01-08,4820,44747,783
France,2023-01-15,3588,29780,514
France,2023-01-22,2354,19466,403
France,2023-01-29,1531,14167,331
France,2023-02-05,1410,13702,265
France,2023-02-12,2863,28367,172
France,2023-02-19,1950,18710,180
France,2023-02-26,1296,13818,170
France,2023-03-05,1292,13027,152
France,2023-03-12,1323,14958,125
France,2023-03-19,1465,16468,164
France,2023-03-26,1856,19418,172
France,2023-04-02,1129,14102,210
Germany,2021-08-08,878,6326,89
Germany,2021-08-15,1616,9072,144
Germany,2021-08-22,2427,14183,224
Germany,2021-08-29,3341,19668,351
Germany,2021-09-05,4335,22655,432
Germany,2021-09-12,4964,23287,449
Germany,2021-09-19,4856,21780,385
Germany,2021-09-26,3934,18300,354
Germany,2021-10-03,3883,17932,423
Germany,2021-10-10,3761,17538,489
Germany,2021-10-17,4154,19855,581
Germany,2021-10-24,5101,27365,1051
Germany,2021-10-31,6680,37078,1274
Germany,2021-11-07,8597,44557,1672
Germany,2021-11-14,11410,55638,2286
Germany,2021-11-21,13508,67525,2710
Germany,2021-11-28,15985,75938,3093
Germany,2021-12-05,16323,74969,2865
Germany,2021-12-12,15572,73537,2513
Germany,2021-12-19,15220,62784,1994
Germany,2021-12-26,12997,48884,1287
Germany,2022-01-02,10952,37811,1029
Germany,2022-01-09,9783,37510,870
Germany,2022-01-16,8229,36253,693
Germany,2022-01-23,7298,42379,867
Germany,2022-01-30,8436,54991,1117
Germany,2022-02-06,10324,65461,1504
Germany,2022-02-13,11677,75130,1705
Germany,2022-02-20,11659,74007,1786
Germany,2022-02-27,10957,73927,1645
Germany,2022-03-06,10939,70140,1606
Germany,2022-03-13,11249,75620,1778
Germany,2022-03-20,12925,87001,1934
Germany,2022-03-27,13903,87564,1881
Germany,2022-04-03,13376,83941,1536
Germany,2022-04-10,11504,71306,1292
Germany,2022-04-17,9968,63594,985
Germany,2022-04-24,8398,51070,808
Germany,2022-05-01,7619,51517,678
Germany,2022-05-08,6791,41009,541
Germany,2022-05-15,5490,36088,418
Germany,2022-05-22,4817,29613,330
Germany,2022-05-29,3556,22088,213
Germany,2022-06-05,3388,19870,223
Germany,2022-06-12,3569,24427,285
Germany,2022-06-19,4212,33383,402
Germany,2022-06-26,5753,43890,566
Germany,2022-07-03,6572,52458,610
Germany,2022-07-10,7141,56169,702
Germany,2022-07-17,8890,66098,960
Germany,2022-07-24,9659,74188,1129
Germany,2022-07-31,9896,73758,1038
Germany,2022-08-07,7894,60607,791
Germany,2022-08-14,7005,50871,623
Germany,2022-08-21,6118,46438,593
Germany,2022-08-28,5215,40499,397
Germany,2022-09-04,4689,33094,351
Germany,2022-09-11,4453,30315,317
Germany,2022-09-18,4398,31875,354
Germany,2022-09-25,4666,40371,520
Germany,2022-10-02,6497,65346,880
Germany,2022-10-09,9691,90004,1284
Germany,2022-10-16,11769,123893,1560
Germany,2022-10-23,11465,122949,1477
Germany,2022-10-30,10135,97126,1049
Germany,2022-11-06,7833,66985,698
Germany,2022-11-13,6466,58035,640
Germany,2022-11-20,5344,49903,553
Germany,2022-11-27,5394,51561,640
Germany,2022-12-04,5597,60867,800
Germany,2022-12-11,6503,70747,961
Germany,2022-12-18,6899,83656,1139
Germany,2022-12-25,7883,94198,1288
Germany,2023-01-01,7910,78101,970
Germany,2023-01-08,7324,73118,829
Germany,2023-01-15,5364,53431,517
Germany,2023-01-22,3859,38268,338
Germany,2023-01-29,3410,34143,331
Germany,2023-02-05,3848,39685,344
Germany,2023-02-12,4727,47871,455
Germany,2023-02-19,5685,58999,601
Germany,2023-02-26,6780,67021,599
Germany,2023-03-05,6635,66343,535
Germany,2023-03-12,6430,58651,572
Germany,2023-03-19,6854,63760,626
Germany,2023-03-26,6623,59008,545
Germany,2023-04-02,5539,45506,431
Germany,2023-04-09,4142,34059,278
Germany,2023-04-16,3239,25510,304
Germany,2023-04-23,3057,26660,231
Germany,2023-04-30,2490,20831,162
Germany,2023-05-07,2037,16296,167
Germany,2023-05-14,1739,15814,109
Germany,2023-05-21,1352,11401,85
Germany,2023-05-28,986,9770,72
Germany,2023-06-04,813,6642,55
Germany,2023-06-11,750,5834,32
Germany,2023-06-18,687,4816,30
Germany,2023-06-25,491,3388,15
Greece,2020-09-06,22,208,20
Greece,2020-09-13,36,258,26
Greece,2020-09-20,45,340,20
Greece,2020-09-27,29,333,37
Greece,2020-10-04,48,395,39
Greece,2020-10-11,40,367,27
Greece,2020-10-18,34,416,43
Greece,2020-10-25,57,586,62
Greece,2020-11-01,98,948,65
Greece,2020-11-08,156,1705,65
Greece,2020-11-15,286,2739,182
Greece,2020-11-22,354,3167,342
Greece,2020-11-29,311,2849,590
Greece,2020-12-06,278,2389,684
Greece,2020-12-13,242,1919,702
Greece,2020-12-20,196,1511,605
Greece,2020-12-27,171,1012,525
Greece,2021-01-03,125,993,403
Greece,2021-01-10,106,850,600
Greece,2021-01-17,104,924,199
Greece,2021-01-24,88,719,177
Greece,2021-01-31,67,924,167
Greece,2021-02-07,110,1215,171
Greece,2021-02-14,155,1430,154
Greece,2021-02-21,142,1516,183
Greece,2021-02-28,199,1985,219
Greece,2021-03-07,218,2554,271
Greece,2021-03-14,306,3146,361
Greece,2021-03-21,339,3283,392
Greece,2021-03-28,336,3107,435
Greece,2021-04-04,340,3450,515
Greece,2021-04-11,347,3723,517
Greece,2021-04-18,389,3559,560
Greece,2021-04-25,330,3282,520
Greece,2021-05-02,330,2996,507
Greece,2021-05-09,230,2623,512
Greece,2021-05-16,212,2177,348
Greece,2021-05-23,158,1876,342
Greece,2021-05-30,138,1414,269
Greece,2021-06-06,103,1103,219
Greece,2021-06-13,65,734,137
Greece,2021-06-20,54,450,129
Greece,2021-06-27,33,341,104
Greece,2021-07-04,18,266,63
Greece,2021-07-11,13,436,56
Greece,2021-07-18,29,801,66
Greece,2021-07-25,55,1107,44
Greece,2021-08-01,96,1202,87
Greece,2021-08-08,96,1364,115
Greece,2021-08-15,116,1621,146
Greece,2021-08-22,161,1817,208
Greece,2021-08-29,145,1835,236
Greece,2021-09-05,178,1609,251
Greece,2021-09-12,134,1446,278
Greece,2021-09-19,127,1324,269
Greece,2021-09-26,127,1324,218
Greece,2021-10-03,131,1123,242
Greece,2021-10-10,145,1293,212
Greece,2021-10-17,150,1417,252
Greece,2021-10-24,151,1575,254
Greece,2021-10-31,209,1926,326
Greece,2021-11-07,227,2501,348
Greece,2021-11-14,265,2852,470
Greece,2021-11-21,328,3158,583
Greece,2021-11-28,348,3299,632
Greece,2021-12-05,367,3017,638
Greece,2021-12-12,324,2732,668
Greece,2021-12-19,281,2327,623
Greece,2021-12-26,282,2206,530
Greece,2022-01-02,249,2874,503
Greece,2022-01-09,275,3964,496
Greece,2022-01-16,312,3883,615
Greece,2022-01-23,299,3415,675
Greece,2022-01-30,213,3023,732
Greece,2022-02-06,223,3255,714
Greece,2022-02-13,181,2821,605
Greece,2022-02-20,177,2514,572
Greece,2022-02-27,125,2174,452
Greece,2022-03-06,119,1972,402
Greece,2022-03-13,112,1971,390
Greece,2022-03-20,101,2343,367
Greece,2022-03-27,103,2802,366
Greece,2022-04-03,122,3060,416
Greece,2022-04-10,131,2464,456
Greece,2022-04-17,89,1712,419
Greece,2022-04-24,51,1309,319
Greece,2022-05-01,47,1197,269
Greece,2022-05-08,28,912,189
Greece,2022-05-15,32,770,153
Greece,2022-05-22,25,674,132
Greece,2022-05-29,19,619,102
Greece,2022-06-05,26,596,93
Greece,2022-06-12,15,669,99
Greece,2022-06-19,21,939,71
Greece,2022-06-26,22,1352,96
Greece,2022-07-03,35,1948,129
Greece,2022-07-10,50,2277,180
Greece,2022-07-17,50,2584,223
Greece,2022-07-24,69,2785,307
Greece,2022-07-31,64,2552,395
Greece,2022-08-07,43,2336,363
Greece,2022-08-14,51,1944,295
Greece,2022-08-21,56,1520,269
Greece,2022-08-28,37,1180,223
Greece,2022-09-04,27,976,188
Greece,2022-09-11,25,786,129
Greece,2022-09-18,25,815,115
Greece,2022-09-25,17,814,101
Greece,2022-10-02,20,1066,91
Greece,2022-10-09,21,1100,118
Greece,2022-10-16,37,1345,114
Greece,2022-10-23,26,1285,151
Greece,2022-10-30,33,1316,170
Greece,2022-11-06,32,1451,152
Greece,2022-11-13,35,1283,126
Greece,2022-11-20,38,1350,166
Greece,2022-11-27,31,1278,132
Greece,2022-12-04,38,1182,159
Greece,2022-12-11,38,1424,144
Greece,2022-12-18,44,1339,158
Greece,2022-12-25,51,1241,170
Greece,2023-01-01,60,1508,154
Greece,2023-01-08,53,1620,169
Greece,2023-01-15,69,1735,206
Greece,2023-01-22,51,1524,183
Greece,2023-01-29,49,1104,179
Greece,2023-02-05,33,957,120
Greece,2023-02-12,31,848,113
Greece,2023-02-19,21,944,101
Greece,2023-02-26,29,1055,94
Greece,2023-03-05,33,918,96
Greece,2023-03-12,26,765,76
Greece,2023-03-19,18,710,77
Greece,2023-03-26,17,686,66
Greece,2023-04-02,15,662,50
Greece,2023-04-09,22,661,49
Greece,2023-04-16,16,703,46
Greece,2023-04-23,17,807,47
Greece,2023-04-30,16,727,61
Greece,2023-05-07,20,631,55
Greece,2023-05-14,19,553,56
Greece,2023-05-21,13,631,56
Greece,2023-05-28,8,625,50
Greece,2023-06-04,16,483,44
Greece,2023-06-11,4,353,39
Greece,2023-06-18,5,223,20
Greece,2023-06-25,6,209,20
Greece,2023-07-02,4,181,18
Greece,2023-07-09,5,197,16
Greece,2023-07-16,2,224,17
Greece,2023-07-23,7,304,17
Greece,2023-07-30,9,319,26
Greece,2023-08-06,8,466,27
Greece,2023-08-13,5,559,21
Greece,2023-08-20,12,636,37
Greece,2023-08-27,21,625,43
Greece,2023-09-03,9,618,39
Greece,2023-09-10,10,683,39
Greece,2023-09-17,9,728,44
Greece,2023-09-24,16,863,44
Greece,2023-10-01,14,862,56
Greece,2023-10-08,18,967,56
Greece,2023-10-15,33,1074,56
Greece,2023-10-22,20,1057,54
Greece,2023-10-29,13,897,73
Greece,2023-11-05,25,775,62
Greece,2023-11-12,23,787,55
Greece,2023-11-19,13,781,28
Greece,2023-11-26,25,832,45
Hungary,2023-01-08,19,103,44
Hungary,2023-01-15,7,53,17
Hungary,2023-01-22,11,39,17
Hungary,2023-01-29,6,40,9
Hungary,2023-02-05,5,32,8
Hungary,2023-02-12,16,49,9
Hungary,2023-02-19,4,32,6
Hungary,2023-02-26,14,61,11
Hungary,2023-03-05,7,57,12
Hungary,2023-03-12,6,47,16
Hungary,2023-03-19,9,89,11
Hungary,2023-03-26,14,56,10
Hungary,2023-04-02,7,67,15
Hungary,2023-04-09,7,43,8
Hungary,2023-04-16,11,67,11
Hungary,2023-04-23,3,44,6
Hungary,2023-04-30,8,61,8
Hungary,2023-05-07,6,51,4
Hungary,2023-05-14,2,34,4
Hungary,2023-05-21,1,23,5
Hungary,2023-05-28,0,0,3
Hungary,2023-06-04,0,0,1
Hungary,2023-06-11,0,0,2
Hungary,2023-06-18,0,0,0
Hungary,2023-06-25,0,0,1
Hungary,2023-07-02,0,0,1
Hungary,2023-07-09,0,0,1
Hungary,2023-07-16,0,0,0
Hungary,2023-07-23,0,0,1
Hungary,2023-07-30,0,0,1
Hungary,2023-08-06,0,0,1
Hungary,2023-08-13,0,0,0
Hungary,2023-08-20,0,0,1
Hungary,2023-08-27,0,0,0
Hungary,2023-09-03,0,0,0
Hungary,2023-09-10,0,0,3
Hungary,2023-09-17,0,0,1
Hungary,2023-09-24,0,0,5
Hungary,2023-10-01,0,0,3
Hungary,2023-10-08,8,106,4
Hungary,2023-10-15,9,113,3
Hungary,2023-10-22,5,114,9
Hungary,2023-10-29,15,116,7
Hungary,2023-11-05,7,105,10
Hungary,2023-11-12,11,116,13
Hungary,2023-11-19,7,113,11
Ireland,2020-03-08,0,39,1
Ireland,2020-03-15,9,114,0
Ireland,2020-03-22,34,286,2
Ireland,2020-03-29,92,531,12
Ireland,2020-04-05,86,573,78
Ireland,2020-04-12,57,478,196
Ireland,2020-04-19,51,367,315
Ireland,2020-04-26,31,275,329
Ireland,2020-05-03,24,207,257
Ireland,2020-05-10,15,136,172
Ireland,2020-05-17,7,69,132
Ireland,2020-05-24,3,74,74
Ireland,2020-05-31,11,46,42
Ireland,2020-06-07,1,26,39
Ireland,2020-06-14,3,13,25
Ireland,2020-06-21,1,5,16
Ireland,2020-06-28,1,7,11
Ireland,2020-07-05,2,9,13
Ireland,2020-07-12,1,3,7
Ireland,2020-07-19,1,9,3
Ireland,2020-07-26,1,7,5
Ireland,2020-08-02,3,8,2
Ireland,2020-08-09,2,9,2
Ireland,2020-08-16,3,13,4
Ireland,2020-08-23,2,29,1
Ireland,2020-08-30,2,29,1
Ireland,2020-09-06,5,31,1
Ireland,2020-09-13,10,45,4
Ireland,2020-09-20,6,78,10
Ireland,2020-09-27,17,81,9
Ireland,2020-10-04,20,113,12
Ireland,2020-10-11,15,188,14
Ireland,2020-10-18,22,234,20
Ireland,2020-10-25,24,285,31
Ireland,2020-11-01,17,226,37
Ireland,2020-11-08,13,204,38
Ireland,2020-11-15,11,180,50
Ireland,2020-11-22,11,166,39
Ireland,2020-11-29,12,145,45
Ireland,2020-12-06,18,169,44
Ireland,2020-12-13,8,169,36
Ireland,2020-12-20,20,282,33
Ireland,2020-12-27,54,405,36
Ireland,2021-01-03,116,852,55
Ireland,2021-01-10,143,1307,246
Ireland,2021-01-17,106,1303,352
Ireland,2021-01-24,82,915,438
Ireland,2021-01-31,47,650,429
Ireland,2021-02-07,61,566,339
Ireland,2021-02-14,48,411,251
Ireland,2021-02-21,25,350,172
Ireland,2021-02-28,20,230,131
Ireland,2021-03-07,20,234,77
Ireland,2021-03-14,27,201,63
Ireland,2021-03-21,19,198,52
Ireland,2021-03-28,22,162,44
Ireland,2021-04-04,11,141,42
Ireland,2021-04-11,15,131,29
Ireland,2021-04-18,18,116,24
Ireland,2021-04-25,10,121,20
Ireland,2021-05-02,6,90,14
Ireland,2021-05-09,14,68,14
Ireland,2021-05-16,10,75,5
Ireland,2021-05-23,6,60,14
Ireland,2021-05-30,7,50,8
Ireland,2021-06-06,3,38,5
Ireland,2021-06-13,1,53,2
Ireland,2021-06-20,7,46,9
Ireland,2021-06-27,3,48,5
Ireland,2021-07-04,5,60,4
Ireland,2021-07-11,9,93,1
Ireland,2021-07-18,16,114,7
Ireland,2021-07-25,13,153,7
Ireland,2021-08-01,19,175,10
Ireland,2021-08-08,34,182,12
Ireland,2021-08-15,28,254,18
Ireland,2021-08-22,30,271,16
Ireland,2021-08-29,32,316,34
Ireland,2021-09-05,27,273,49
Ireland,2021-09-12,27,251,41
Ireland,2021-09-19,25,269,42
Ireland,2021-09-26,25,233,43
Ireland,2021-10-03,33,275,54
Ireland,2021-10-10,30,334,38
Ireland,2021-10-17,40,335,59
Ireland,2021-10-24,37,350,53
Ireland,2021-10-31,39,339,64
Ireland,2021-11-07,55,356,73
Ireland,2021-11-14,53,460,53
Ireland,2021-11-21,52,396,51
Ireland,2021-11-28,41,353,80
Ireland,2021-12-05,36,378,67
Ireland,2021-12-12,46,352,56
Ireland,2021-12-19,24,360,56
Ireland,2021-12-26,30,396,52
Ireland,2022-01-02,25,643,60
Ireland,2022-01-09,26,794,72
Ireland,2022-01-16,25,800,80
Ireland,2022-01-23,19,720,65
Ireland,2022-01-30,17,1417,81
Ireland,2022-02-06,13,635,70
Ireland,2022-02-13,10,603,51
Ireland,2022-02-20,9,631,51
Ireland,2022-02-27,7,585,48
Ireland,2022-03-06,16,753,56
Ireland,2022-03-13,12,965,69
Ireland,2022-03-20,25,1013,69
Ireland,2022-03-27,18,1626,72
Ireland,2022-04-03,18,1367,97
Ireland,2022-04-10,8,1025,93
Ireland,2022-04-17,5,753,88
Ireland,2022-04-24,6,553,62
Ireland,2022-05-01,3,439,48
Ireland,2022-05-08,3,411,39
Ireland,2022-05-15,5,326,29
Ireland,2022-05-22,5,304,18
Ireland,2022-05-29,3,329,20
Ireland,2022-06-05,4,413,16
Ireland,2022-06-12,5,475,19
Ireland,2022-06-19,7,590,22
Ireland,2022-06-26,5,843,38
Ireland,2022-07-03,5,782,31
Ireland,2022-07-10,11,1005,33
Ireland,2022-07-17,7,906,53
Ireland,2022-07-24,4,557,44
Ireland,2022-07-31,4,523,36
Ireland,2022-08-07,3,361,36
Ireland,2022-08-14,5,445,30
Ireland,2022-08-21,4,376,25
Ireland,2022-08-28,2,337,16
Ireland,2022-09-04,3,300,19
Ireland,2022-09-11,1,288,11
Ireland,2022-09-18,2,296,10
Ireland,2022-09-25,1,371,19
Ireland,2022-10-02,4,446,29
Ireland,2022-10-09,2,460,24
Ireland,2022-10-16,3,469,27
Ireland,2022-10-23,8,476,30
Ireland,2022-10-30,6,388,27
Ireland,2022-11-06,2,349,33
Ireland,2022-11-13,0,467,27
Ireland,2022-11-20,1,392,36
Ireland,2022-11-27,3,426,20
Ireland,2022-12-04,6,472,42
Ireland,2022-12-11,6,540,26
Ireland,2022-12-18,6,644,38
Ireland,2022-12-25,4,760,55
Ireland,2023-01-01,14,625,61
Ireland,2023-01-08,9,582,59
Ireland,2023-01-15,11,566,43
Ireland,2023-01-22,12,359,40
Ireland,2023-01-29,4,288,29
Ireland,2023-02-05,3,260,15
Ireland,2023-02-12,5,262,20
Ireland,2023-02-19,2,230,18
Ireland,2023-02-26,6,237,12
Ireland,2023-03-05,4,236,17
Ireland,2023-03-12,1,323,10
Ireland,2023-03-19,5,320,15
Ireland,2023-03-26,2,337,14
Ireland,2023-04-02,6,357,17
Ireland,2023-04-09,1,365,17
Ireland,2023-04-16,4,269,11
Ireland,2023-04-23,8,305,21
Ireland,2023-04-30,3,286,27
Ireland,2023-05-07,2,287,11
Ireland,2023-05-14,4,243,28
Ireland,2023-05-21,4,250,20
Ireland,2023-05-28,2,234,11
Ireland,2023-06-04,5,176,17
Ireland,2023-06-11,2,142,13
Ireland,2023-06-18,2,122,11
Ireland,2023-06-25,1,131,9
Ireland,2023-07-02,1,78,6
Ireland,2023-07-09,1,101,9
Ireland,2023-07-16,3,150,2
Ireland,2023-07-23,2,166,9
Ireland,2023-07-30,4,268,9
Ireland,2023-08-06,3,372,7
Ireland,2023-08-13,7,431,15
Ireland,2023-08-20,7,423,15
Ireland,2023-08-27,4,385,23
Ireland,2023-09-03,10,387,21
Ireland,2023-09-10,2,398,11
Ireland,2023-09-17,5,320,12
Ireland,2023-09-24,6,335,12
Ireland,2023-10-01,7,355,8
Ireland,2023-10-08,5,381,17
Ireland,2023-10-15,8,244,12
Ireland,2023-10-22,6,216,14
Ireland,2023-10-29,7,255,15
Ireland,2023-11-05,5,218,6
Ireland,2023-11-12,2,263,7
Ireland,2023-11-19,1,223,3
Ireland,2023-11-26,6,143,0
Israel,2020-03-15,34,720,0
Israel,2020-03-22,55,1729,0
Israel,2020-03-29,193,2982,1
Israel,2020-04-05,482,4843,12
Israel,2020-04-12,540,4061,36
Israel,2020-04-19,414,3213,54
Israel,2020-04-26,259,1937,63
Israel,2020-05-03,96,1134,37
Israel,2020-05-10,37,743,30
Israel,2020-05-17,67,482,19
Israel,2020-05-24,21,268,21
Israel,2020-05-31,8,236,10
Israel,2020-06-07,13,411,6
Israel,2020-06-14,29,636,11
Israel,2020-06-21,83,1035,5
Israel,2020-06-28,57,1480,5
Israel,2020-07-05,110,2429,16
Israel,2020-07-12,204,4107,15
Israel,2020-07-19,258,5543,34
Israel,2020-07-26,404,6314,53
Israel,2020-08-02,443,5826,68
Israel,2020-08-09,403,5789,83
Israel,2020-08-16,377,5776,82
Israel,2020-08-23,381,5961,88
Israel,2020-08-30,429,6173,87
Israel,2020-09-06,402,6659,88
Israel,2020-09-13,457,7740,108
Israel,2020-09-20,520,9406,113
Israel,2020-09-27,734,10910,145
Israel,2020-10-04,888,11882,190
Israel,2020-10-11,933,10799,241
Israel,2020-10-18,862,8251,257
Israel,2020-10-25,749,5283,245
Israel,2020-11-01,472,3643,190
Israel,2020-11-08,303,2829,156
Israel,2020-11-15,247,2601,113
Israel,2020-11-22,270,2914,60
Israel,2020-11-29,212,2866,68
Israel,2020-12-06,213,3858,58
Israel,2020-12-13,344,4593,60
Israel,2020-12-20,455,6045,80
Israel,2020-12-27,587,7416,103
Israel,2021-01-03,831,9245,131
Israel,2021-01-10,1063,12177,435
Israel,2021-01-17,1148,13632,341
Israel,2021-01-24,1339,13508,366
Israel,2021-01-31,1266,12076,381
Israel,2021-02-07,1138,11426,348
Israel,2021-02-14,965,10509,248
Israel,2021-02-21,799,8864,205
Israel,2021-02-28,618,8013,177
Israel,2021-03-07,607,7765,132
Israel,2021-03-14,529,6641,115
Israel,2021-03-21,455,4990,101
Israel,2021-03-28,379,3353,77
Israel,2021-04-04,265,2079,81
Israel,2021-04-11,161,1480,59
Israel,2021-04-18,130,1115,43
Israel,2021-04-25,47,744,24
Israel,2021-05-02,34,493,16
Israel,2021-05-09,37,424,13
Israel,2021-05-16,4,312,8
Israel,2021-05-23,17,275,7
Israel,2021-05-30,16,262,6
Israel,2021-06-06,18,198,4
Israel,2021-06-13,3,160,3
Israel,2021-06-20,4,136,3
Israel,2021-06-27,26,207,1
Israel,2021-07-04,11,388,0
Israel,2021-07-11,33,618,5
Israel,2021-07-18,43,983,12
Israel,2021-07-25,68,1710,14
Israel,2021-08-01,178,2906,26
Israel,2021-08-08,298,4791,75
Israel,2021-08-15,439,7314,124
Israel,2021-08-22,586,9378,163
Israel,2021-08-29,672,10076,193
Israel,2021-09-05,793,9927,208
Israel,2021-09-12,655,8632,171
Israel,2021-09-19,709,8673,146
Israel,2021-09-26,655,7797,143
Israel,2021-10-03,659,6243,129
Israel,2021-10-10,344,4453,101
Israel,2021-10-17,257,3024,82
Israel,2021-10-24,251,2039,45
Israel,2021-10-31,181,1392,47
Israel,2021-11-07,66,1009,22
Israel,2021-11-14,71,719,25
Israel,2021-11-21,64,672,22
Israel,2021-11-28,85,696,12
Israel,2021-12-05,69,721,15
Israel,2021-12-12,44,801,16
Israel,2021-12-19,37,847,13
Israel,2021-12-26,58,1121,6
Israel,2022-01-02,35,2204,11
Israel,2022-01-09,95,5516,24
Israel,2022-01-16,329,13415,74
Israel,2022-01-23,690,21267,193
Israel,2022-01-30,1271,25410,336
Israel,2022-02-06,1522,24278,434
Israel,2022-02-13,1289,19365,439
Israel,2022-02-20,924,12691,262
Israel,2022-02-27,601,8475,192
Israel,2022-03-06,421,5631,134
Israel,2022-03-13,238,4108,71
Israel,2022-03-20,245,3464,58
Israel,2022-03-27,210,4675,50
Israel,2022-04-03,153,4999,63
Israel,2022-04-10,231,4706,60
Israel,2022-04-17,170,3605,48
Israel,2022-04-24,134,3249,46
Israel,2022-05-01,124,2739,36
Israel,2022-05-08,126,2031,30
Israel,2022-05-15,86,1763,20
Israel,2022-05-22,76,1595,23
Israel,2022-05-29,70,1891,11
Israel,2022-06-05,43,2164,14
Israel,2022-06-12,30,3071,13
Israel,2022-06-19,121,5028,18
Israel,2022-06-26,201,7900,49
Israel,2022-07-03,291,10733,89
Israel,2022-07-10,323,11917,96
Israel,2022-07-17,445,11390,103
Israel,2022-07-24,387,9794,99
Israel,2022-07-31,337,7552,82
Israel,2022-08-07,305,6183,70
Israel,2022-08-14,197,4949,52
Israel,2022-08-21,121,3302,43
Israel,2022-08-28,85,2286,41
Israel,2022-09-04,85,1914,26
Israel,2022-09-11,113,1525,16
Israel,2022-09-18,59,1597,15
Israel,2022-09-25,44,1771,9
Israel,2022-10-02,56,1703,13
Israel,2022-10-09,54,1872,17
Israel,2022-10-16,79,1512,17
Israel,2022-10-23,81,1548,18
Israel,2022-10-30,73,1685,16
Israel,2022-11-06,86,1925,15
Israel,2022-11-13,87,2283,16
Israel,2022-11-20,87,2605,23
Israel,2022-11-27,142,3170,24
Israel,2022-12-04,182,3864,39
Israel,2022-12-11,229,3892,44
Israel,2022-12-18,232,3710,42
Israel,2022-12-25,190,3745,41
Israel,2023-01-01,144,3514,41
Israel,2023-01-08,154,3048,46
Israel,2023-01-15,92,2995,24
Israel,2023-01-22,114,2676,36
Israel,2023-01-29,90,2518,26
Israel,2023-02-05,167,2288,26
Israel,2023-02-12,113,1996,19
Israel,2023-02-19,71,2033,21
Israel,2023-02-26,74,2608,26
Israel,2023-03-05,92,2734,25
Israel,2023-03-12,76,2651,23
Israel,2023-03-19,104,2576,32
Israel,2023-03-26,94,2422,22
Israel,2023-04-02,85,2393,24
Israel,2023-04-09,97,2311,16
Israel,2023-04-16,91,2187,22
Israel,2023-04-23,117,1816,25
Israel,2023-04-30,86,1308,19
Israel,2023-05-07,68,1074,12
Italy,2020-12-13,6405,68843,4846
Italy,2020-12-20,8823,62574,4480
Italy,2020-12-27,8330,59265,4091
Italy,2021-01-03,8538,62208,3391
Italy,2021-01-10,8197,65881,6650
Italy,2021-01-17,8550,63185,3298
Italy,2021-01-24,7566,54865,3158
Italy,2021-01-31,6921,49415,2856
Italy,2021-02-07,6537,47025,2581
Italy,2021-02-14,6792,46509,2132
Italy,2021-02-21,6770,46193,2091
Italy,2021-02-28,7889,56281,2063
Italy,2021-03-07,9262,70287,2271
Italy,2021-03-14,11361,83680,2507
Italy,2021-03-21,12975,91537,2900
Italy,2021-03-28,12937,89203,3038
Italy,2021-04-04,12179,84377,3116
Italy,2021-04-11,11044,73261,2991
Italy,2021-04-18,9929,59875,2487
Italy,2021-04-25,8305,51712,2282
Italy,2021-05-02,7173,45642,1848
Italy,2021-05-09,6348,37764,1486
Italy,2021-05-16,4827,28188,1172
Italy,2021-05-23,3550,20279,824
Italy,2021-05-30,2412,13931,593
Italy,2021-06-06,1608,10376,424
Italy,2021-06-13,1137,8007,296
Italy,2021-06-20,887,5602,215
Italy,2021-06-27,498,3994,140
Italy,2021-07-04,348,3367,106
Italy,2021-07-11,296,3476,80
Italy,2021-07-18,358,4485,68
Italy,2021-07-25,528,7288,73
Italy,2021-08-01,736,10175,92
Italy,2021-08-08,1110,12838,149
Italy,2021-08-15,1531,15258,241
Italy,2021-08-22,1835,17110,320
Italy,2021-08-29,1938,17661,374
Italy,2021-09-05,2179,17041,412
Italy,2021-09-12,1964,15631,403
Italy,2021-09-19,1697,13620,386
Italy,2021-09-26,1588,11122,346
Italy,2021-10-03,1281,9274,293
Italy,2021-10-10,1058,8115,246
Italy,2021-10-17,898,7279,226
Italy,2021-10-24,1036,8859,238
Italy,2021-10-31,1147,10856,280
Italy,2021-11-07,1378,12850,313
Italy,2021-11-14,1746,15019,387
Italy,2021-11-21,1988,18058,451
Italy,2021-11-28,2466,20766,533
Italy,2021-12-05,2799,23276,582
Italy,2021-12-12,3027,27187,755
Italy,2021-12-19,3708,31887,881
Italy,2021-12-26,4309,38289,1103
Italy,2022-01-02,5318,54391,1208
Italy,2022-01-09,6365,73477,1709
Italy,2022-01-16,7180,79565,2317
Italy,2022-01-23,6844,78902,2677
Italy,2022-01-30,6189,72477,2797
Italy,2022-02-06,5397,64379,2677
Italy,2022-02-13,4574,53286,2229
Italy,2022-02-20,3646,42260,1944
Italy,2022-02-27,3144,34275,1565
Italy,2022-03-06,2393,28598,1290
Italy,2022-03-13,2129,28342,1022
Italy,2022-03-20,2037,32733,980
Italy,2022-03-27,2123,36268,1027
Italy,2022-04-03,2251,38401,1126
Italy,2022-04-10,2472,36660,1083
Italy,2022-04-17,2142,35742,1089
Italy,2022-04-24,1970,34376,1074
Italy,2022-05-01,1731,32377,1063
Italy,2022-05-08,1740,29484,980
Italy,2022-05-15,1620,25471,830
Italy,2022-05-22,1558,22128,701
Italy,2022-05-29,1102,17767,567
Italy,2022-06-05,895,15289,413
Italy,2022-06-12,869,15671,419
Italy,2022-06-19,1018,19317,351
Italy,2022-06-26,1214,26041,453
Italy,2022-07-03,1536,34532,553
Italy,2022-07-10,2034,43487,831
Italy,2022-07-17,2383,45499,1014
Italy,2022-07-24,2259,44347,1258
Italy,2022-07-31,2155,39015,1252
Italy,2022-08-07,1780,30923,1151
Italy,2022-08-14,1407,25456,905
Italy,2022-08-21,1197,19940,738
Italy,2022-08-28,1037,18520,614
Italy,2022-09-04,833,15994,473
Italy,2022-09-11,884,14313,356
Italy,2022-09-18,712,13416,325
Italy,2022-09-25,605,13869,283
Italy,2022-10-02,702,19407,313
Italy,2022-10-09,1132,25763,489
Italy,2022-10-16,1553,29476,584
Italy,2022-10-23,1541,29025,628
Italy,2022-10-30,1360,26755,675
Italy,2022-11-06,1239,23909,605
Italy,2022-11-13,1308,25934,578
Italy,2022-11-20,1428,29499,641
Italy,2022-11-27,1498,32216,710
Italy,2022-12-04,1866,34083,827
Italy,2022-12-11,1999,36581,860
Italy,2022-12-18,1871,33694,944
Italy,2022-12-25,1620,30493,877
Italy,2023-01-01,1607,27953,882
Italy,2023-01-08,1652,25763,615
Italy,2023-01-15,1424,20392,568
Italy,2023-01-22,1148,15596,458
Italy,2023-01-29,885,12694,340
Italy,2023-02-05,865,11961,293
Italy,2023-02-12,734,11417,282
Italy,2023-02-19,693,10778,307
Italy,2023-02-26,625,11512,242
Italy,2023-03-05,829,10671,204
Italy,2023-03-12,560,9707,220
Italy,2023-03-19,534,9193,191
Italy,2023-03-26,523,9599,189
Italy,2023-04-02,436,9905,190
Italy,2023-04-09,432,9529,144
Italy,2023-04-16,360,11013,175
Italy,2023-04-23,539,12441,201
Italy,2023-04-30,528,11486,201
Italy,2023-05-07,506,9798,210
Italy,2023-05-14,364,7614,168
Italy,2023-05-21,374,6496,128
Italy,2023-05-28,420,5855,123
Italy,2023-06-04,379,5275,102
Italy,2023-06-11,271,3846,67
Italy,2023-06-18,194,3357,69
Italy,2023-06-25,159,2607,57
Italy,2023-07-02,116,2108,34
Italy,2023-07-09,72,1920,27
Italy,2023-07-16,99,1504,39
Italy,2023-07-23,81,1720,21
Italy,2023-07-30,126,2165,31
Italy,2023-08-06,116,2764,36
Italy,2023-08-13,102,3128,41
Italy,2023-08-20,202,4217,49
Italy,2023-08-27,296,5873,71
Italy,2023-09-03,298,7097,86
Italy,2023-09-10,415,9426,117
Italy,2023-09-17,470,11211,139
Italy,2023-09-24,439,10986,140
Italy,2023-10-01,406,12126,143
Italy,2023-10-08,636,14250,182
Italy,2023-10-15,678,14291,195
Italy,2023-10-22,723,13307,194
Italy,2023-10-29,546,13870,160
Italy,2023-11-05,576,13822,114
Italy,2023-11-12,656,15700,186
Italy,2023-11-19,805,19379,176
Italy,2023-11-26,917,23393,23
Latvia,2020-01-12,0,0,0
Latvia,2020-01-19,0,0,0
Latvia,2020-01-26,0,0,0
Latvia,2020-02-02,0,0,0
Latvia,2020-02-09,0,0,0
Latvia,2020-02-16,0,0,0
Latvia,2020-02-23,0,0,0
Latvia,2020-03-01,0,0,0
Latvia,2020-03-08,0,3,0
Latvia,2020-03-15,0,6,0
Latvia,2020-03-22,0,16,0
Latvia,2020-03-29,3,29,0
Latvia,2020-04-05,4,28,0
Latvia,2020-04-12,0,25,2
Latvia,2020-04-19,3,18,5
Latvia,2020-04-26,4,14,1
Latvia,2020-05-03,2,9,5
Latvia,2020-05-10,0,10,3
Latvia,2020-05-17,1,10,2
Latvia,2020-05-24,0,8,2
Latvia,2020-05-31,1,4,3
Latvia,2020-06-07,2,3,2
Latvia,2020-06-14,0,3,0
Latvia,2020-06-21,0,4,3
Latvia,2020-06-28,0,2,2
Latvia,2020-07-05,0,1,0
Latvia,2020-07-12,0,1,0
Latvia,2020-07-19,0,1,1
Latvia,2020-07-26,0,1,0
Latvia,2020-08-02,0,2,0
Latvia,2020-08-09,0,5,1
Latvia,2020-08-16,0,2,0
Latvia,2020-08-23,0,5,0
Latvia,2020-08-30,0,4,1
Latvia,2020-09-06,0,5,1
Latvia,2020-09-13,0,6,1
Latvia,2020-09-20,0,7,0
Latvia,2020-09-27,0,6,1
Latvia,2020-10-04,4,26,0
Latvia,2020-10-11,3,48,3
Latvia,2020-10-18,6,51,1
Latvia,2020-10-25,8,122,4
Latvia,2020-11-01,19,193,16
Latvia,2020-11-08,22,214,20
Latvia,2020-11-15,25,277,25
Latvia,2020-11-22,40,324,30
Latvia,2020-11-29,81,477,40
Latvia,2020-12-06,94,503,58
Latvia,2020-12-13,106,641,63
Latvia,2020-12-20,91,743,103
Latvia,2020-12-27,91,790,106
Latvia,2021-01-03,110,831,127
Latvia,2021-01-10,117,925,285
Latvia,2021-01-17,149,798,140
Latvia,2021-01-24,159,738,151
Latvia,2021-01-31,161,699,155
Latvia,2021-02-07,153,635,111
Latvia,2021-02-14,154,563,99
Latvia,2021-02-21,124,490,107
Latvia,2021-02-28,121,482,88
Latvia,2021-03-07,117,512,78
Latvia,2021-03-14,125,370,63
Latvia,2021-03-21,105,413,62
Latvia,2021-03-28,117,514,46
Latvia,2021-04-04,128,425,71
Latvia,2021-04-11,134,424,56
Latvia,2021-04-18,128,430,68
Latvia,2021-04-25,125,478,52
Latvia,2021-05-02,139,455,67
Latvia,2021-05-09,132,453,50
Latvia,2021-05-16,130,454,66
Latvia,2021-05-23,121,356,65
Latvia,2021-05-30,114,265,47
Latvia,2021-06-06,87,205,37
Latvia,2021-06-13,85,182,39
Latvia,2021-06-20,77,131,24
Latvia,2021-06-27,52,88,24
Latvia,2021-07-04,47,48,16
Latvia,2021-07-11,24,47,2
Latvia,2021-07-18,24,40,9
Latvia,2021-07-25,14,25,3
Latvia,2021-08-01,13,34,3
Latvia,2021-08-08,19,44,4
Latvia,2021-08-15,19,46,4
Latvia,2021-08-22,16,43,8
Latvia,2021-08-29,30,138,9
Latvia,2021-09-05,42,140,16
Latvia,2021-09-12,41,216,32
Latvia,2021-09-19,63,284,36
Latvia,2021-09-26,88,338,54
Latvia,2021-10-03,109,462,61
Latvia,2021-10-10,131,667,79
Latvia,2021-10-17,193,963,133
Latvia,2021-10-24,233,1191,208
Latvia,2021-10-31,299,1170,259
Latvia,2021-11-07,416,1151,265
Latvia,2021-11-14,394,799,245
Latvia,2021-11-21,315,601,206
Latvia,2021-11-28,267,528,133
Latvia,2021-12-05,208,437,114
Latvia,2021-12-12,170,304,86
Latvia,2021-12-19,163,374,79
Latvia,2021-12-26,132,342,68
Latvia,2022-01-02,129,362,72
Latvia,2022-01-09,158,452,89
Latvia,2022-01-16,134,462,78
Latvia,2022-01-23,140,572,87
Latvia,2022-01-30,134,780,84
Latvia,2022-02-06,118,876,97
Latvia,2022-02-13,140,1032,114
Latvia,2022-02-20,130,1069,122
Latvia,2022-02-27,129,1063,126
Latvia,2022-03-06,94,990,117
Latvia,2022-03-13,73,950,110
Latvia,2022-03-20,77,806,117
Latvia,2022-03-27,59,843,95
Latvia,2022-04-03,52,647,87
Latvia,2022-04-10,46,451,58
Latvia,2022-04-17,20,329,49
Latvia,2022-04-24,18,238,42
Latvia,2022-05-01,24,193,27
Latvia,2022-05-08,17,164,15
Latvia,2022-05-15,14,126,15
Latvia,2022-05-22,12,123,12
Latvia,2022-05-29,12,110,12
Latvia,2022-06-05,12,62,11
Latvia,2022-06-12,11,93,10
Latvia,2022-06-19,13,98,12
Latvia,2022-06-26,10,90,13
Latvia,2022-07-03,14,143,7
Latvia,2022-07-10,3,136,9
Latvia,2022-07-17,3,149,12
Latvia,2022-07-24,7,206,9
Latvia,2022-07-31,3,172,25
Latvia,2022-08-07,6,200,10
Latvia,2022-08-14,12,295,16
Latvia,2022-08-21,17,227,22
Latvia,2022-08-28,16,200,17
Latvia,2022-09-04,13,184,16
Latvia,2022-09-11,9,235,13
Latvia,2022-09-18,10,302,23
Latvia,2022-09-25,8,402,24
Latvia,2022-10-02,9,367,36
Latvia,2022-10-09,13,383,32
Latvia,2022-10-16,13,304,44
Latvia,2022-10-23,7,197,18
Latvia,2022-10-30,8,229,21
Latvia,2022-11-06,5,156,15
Latvia,2022-11-13,3,154,18
Latvia,2022-11-20,3,142,8
Latvia,2022-11-27,5,193,16
Latvia,2022-12-04,10,269,20
Latvia,2022-12-11,9,385,28
Latvia,2022-12-18,10,378,26
Latvia,2022-12-25,12,342,40
Latvia,2023-01-01,11,315,47
Latvia,2023-01-08,17,210,31
Latvia,2023-01-15,15,163,26
Latvia,2023-01-22,15,123,21
Latvia,2023-01-29,9,143,10
Latvia,2023-02-05,10,118,12
Latvia,2023-02-12,4,126,7
Latvia,2023-02-19,8,132,20
Latvia,2023-02-26,9,113,9
Latvia,2023-03-05,6,132,17
Latvia,2023-03-12,8,147,13
Latvia,2023-03-19,9,186,14
Latvia,2023-03-26,5,142,11
Latvia,2023-04-02,13,222,17
Latvia,2023-04-09,9,153,16
Latvia,2023-04-16,11,228,17
Latvia,2023-04-23,11,130,8
Latvia,2023-04-30,11,93,12
Latvia,2023-05-07,10,109,12
Latvia,2023-05-14,3,82,4
Latvia,2023-05-21,4,63,9
Latvia,2023-05-28,5,80,5
Latvia,2023-06-04,3,76,4
Latvia,2023-06-11,2,75,10
Latvia,2023-06-18,0,32,3
Latvia,2023-06-25,0,28,2
Latvia,2023-07-02,1,16,2
Latvia,2023-07-09,1,14,1
Latvia,2023-07-16,1,14,1
Latvia,2023-07-23,1,21,0
Latvia,2023-07-30,2,24,1
Latvia,2023-08-06,2,9,1
Latvia,2023-08-13,0,14,3
Latvia,2023-08-20,0,17,1
Latvia,2023-08-27,1,22,0
Latvia,2023-09-03,1,37,0
Latvia,2023-09-10,2,40,1
Latvia,2023-09-17,2,50,2
Latvia,2023-09-24,5,56,3
Latvia,2023-10-01,1,52,4
Latvia,2023-10-08,1,34,5
Latvia,2023-10-15,2,41,2
Latvia,2023-10-22,0,86,6
Latvia,2023-10-29,2,152,11
Latvia,2023-11-05,2,210,7
Latvia,2023-11-12,9,214,11
Latvia,2023-11-19,9,223,17
Latvia,2023-11-26,9,268,18
Luxembourg,2020-03-08,0,7,0
Luxembourg,2020-03-15,3,20,0
Luxembourg,2020-03-22,11,87,3
Luxembourg,2020-03-29,14,134,12
Luxembourg,2020-04-05,10,97,21
Luxembourg,2020-04-12,5,65,22
Luxembourg,2020-04-19,3,67,16
Luxembourg,2020-04-26,8,47,5
Luxembourg,2020-05-03,2,19,2
Luxembourg,2020-05-10,2,14,2
Luxembourg,2020-05-17,2,12,0
Luxembourg,2020-05-24,0,10,0
Luxembourg,2020-05-31,1,3,0
Luxembourg,2020-06-07,0,7,0
Luxembourg,2020-06-14,1,4,0
Luxembourg,2020-06-21,0,1,0
Luxembourg,2020-06-28,1,7,0
Luxembourg,2020-07-05,1,17,0
Luxembourg,2020-07-12,7,30,0
Luxembourg,2020-07-19,3,26,4
Luxembourg,2020-07-26,6,36,3
Luxembourg,2020-08-02,1,31,1
Luxembourg,2020-08-09,1,29,3
Luxembourg,2020-08-16,1,15,1
Luxembourg,2020-08-23,1,8,0
Luxembourg,2020-08-30,1,10,0
Luxembourg,2020-09-06,1,8,0
Luxembourg,2020-09-13,0,11,0
Luxembourg,2020-09-20,1,7,0
Luxembourg,2020-09-27,2,19,0
Luxembourg,2020-10-04,2,27,3
Luxembourg,2020-10-11,4,32,1
Luxembourg,2020-10-18,7,55,7
Luxembourg,2020-10-25,22,132,7
Luxembourg,2020-11-01,28,181,13
Luxembourg,2020-11-08,21,123,11
Luxembourg,2020-11-15,20,142,12
Luxembourg,2020-11-22,21,125,11
Luxembourg,2020-11-29,20,121,21
Luxembourg,2020-12-06,15,124,17
Luxembourg,2020-12-13,19,157,20
Luxembourg,2020-12-20,13,104,32
Luxembourg,2020-12-27,6,80,16
Luxembourg,2021-01-03,7,27,19
Luxembourg,2021-01-10,9,56,16
Luxembourg,2021-01-17,7,50,9
Luxembourg,2021-01-24,7,48,13
Luxembourg,2021-01-31,3,48,14
Luxembourg,2021-02-07,4,53,14
Luxembourg,2021-02-14,8,51,16
Luxembourg,2021-02-21,9,71,11
Luxembourg,2021-02-28,9,76,28
Luxembourg,2021-03-07,19,100,33
Luxembourg,2021-03-14,12,84,23
Luxembourg,2021-03-21,11,85,21
Luxembourg,2021-03-28,14,91,13
Luxembourg,2021-04-04,24,106,10
Luxembourg,2021-04-11,21,109,14
Luxembourg,2021-04-18,16,81,5
Luxembourg,2021-04-25,11,81,2
Luxembourg,2021-05-02,15,60,4
Luxembourg,2021-05-09,9,59,4
Luxembourg,2021-05-16,8,50,2
Luxembourg,2021-05-23,3,16,1
Luxembourg,2021-05-30,1,18,0
Luxembourg,2021-06-06,2,12,1
Luxembourg,2021-06-13,2,10,0
Luxembourg,2021-06-20,1,3,0
Luxembourg,2021-06-27,0,5,0
Luxembourg,2021-07-04,0,3,0
Luxembourg,2021-07-11,1,10,1
Luxembourg,2021-07-18,4,18,1
Luxembourg,2021-07-25,4,25,3
Luxembourg,2021-08-01,3,23,1
Luxembourg,2021-08-08,7,13,1
Luxembourg,2021-08-15,2,12,1
Luxembourg,2021-08-22,1,18,1
Luxembourg,2021-08-29,6,32,2
Luxembourg,2021-09-05,5,25,2
Luxembourg,2021-09-12,3,25,0
Luxembourg,2021-09-19,3,14,3
Luxembourg,2021-09-26,2,12,0
Luxembourg,2021-10-03,2,16,1
Luxembourg,2021-10-10,1,12,3
Luxembourg,2021-10-17,4,10,5
Luxembourg,2021-10-24,4,20,5
Luxembourg,2021-10-31,8,24,6
Luxembourg,2021-11-07,8,31,5
Luxembourg,2021-11-14,4,24,3
Luxembourg,2021-11-21,8,39,8
Luxembourg,2021-11-28,5,43,13
Luxembourg,2021-12-05,16,58,13
Luxembourg,2021-12-12,14,54,4
Luxembourg,2021-12-19,10,58,8
Luxembourg,2021-12-26,9,40,6
Luxembourg,2022-01-02,14,52,5
Luxembourg,2022-01-09,8,56,11
Luxembourg,2022-01-16,4,54,7
Luxembourg,2022-01-23,5,57,15
Luxembourg,2022-01-30,3,56,18
Luxembourg,2022-02-06,5,58,22
Luxembourg,2022-02-13,7,49,15
Luxembourg,2022-02-20,6,31,6
Luxembourg,2022-02-27,3,22,8
Luxembourg,2022-03-06,3,25,9
Luxembourg,2022-03-13,1,28,15
Luxembourg,2022-03-20,2,32,12
Luxembourg,2022-03-27,5,27,13
Luxembourg,2022-04-03,2,29,14
Luxembourg,2022-04-10,4,29,11
Luxembourg,2022-04-17,4,28,13
Luxembourg,2022-04-24,2,24,5
Luxembourg,2022-05-01,1,13,7
Luxembourg,2022-05-08,0,21,11
Luxembourg,2022-05-15,2,15,2
Luxembourg,2022-05-22,3,14,5
Luxembourg,2022-05-29,0,10,4
Luxembourg,2022-06-05,1,3,4
Luxembourg,2022-06-12,3,15,4
Luxembourg,2022-06-19,1,24,2
Luxembourg,2022-06-26,1,12,7
Luxembourg,2022-07-03,0,22,4
Luxembourg,2022-07-10,1,33,5
Luxembourg,2022-07-17,1,31,1
Luxembourg,2022-07-24,2,24,3
Luxembourg,2022-07-31,1,20,3
Luxembourg,2022-08-07,1,15,3
Luxembourg,2022-08-14,1,14,0
Luxembourg,2022-08-21,1,16,2
Luxembourg,2022-08-28,3,8,0
Luxembourg,2022-09-04,2,15,2
Luxembourg,2022-09-11,2,5,0
Luxembourg,2022-09-18,0,13,2
Luxembourg,2022-09-25,0,14,1
Luxembourg,2022-10-02,5,26,1
Luxembourg,2022-10-09,2,28,2
Luxembourg,2022-10-16,3,27,4
Luxembourg,2022-10-23,2,34,5
Luxembourg,2022-10-30,4,26,2
Luxembourg,2022-11-06,0,11,4
Luxembourg,2022-11-13,5,24,3
Luxembourg,2022-11-20,5,23,4
Luxembourg,2022-11-27,3,20,2
Luxembourg,2022-12-04,1,20,8
Luxembourg,2022-12-11,1,24,2
Luxembourg,2022-12-18,1,46,4
Luxembourg,2022-12-25,2,28,8
Luxembourg,2023-01-01,2,17,6
Luxembourg,2023-01-08,2,22,7
Luxembourg,2023-01-15,1,13,4
Luxembourg,2023-01-22,1,11,5
Luxembourg,2023-01-29,1,6,3
Luxembourg,2023-02-05,0,17,2
Luxembourg,2023-02-12,0,12,2
Luxembourg,2023-02-19,1,13,1
Luxembourg,2023-02-26,2,21,5
Luxembourg,2023-03-05,2,24,1
Luxembourg,2023-03-12,0,12,1
Luxembourg,2023-03-19,1,15,2
Luxembourg,2023-03-26,1,19,6
Netherlands,2021-01-10,1046,6938,1308
Netherlands,2021-01-17,1759,10765,550
Netherlands,2021-01-24,1706,10165,531
Netherlands,2021-01-31,1727,9703,420
Netherlands,2021-02-07,1396,8755,406
Netherlands,2021-02-14,1187,7918,398
Netherlands,2021-02-21,1319,8546,404
Netherlands,2021-02-28,1405,8171,277
Netherlands,2021-03-07,1641,8700,240
Netherlands,2021-03-14,1836,9037,186
Netherlands,2021-03-21,1962,10141,176
Netherlands,2021-03-28,1975,11126,151
Netherlands,2021-04-04,2196,11953,150
Netherlands,2021-04-11,2566,11806,140
Netherlands,2021-04-18,2344,12172,147
Netherlands,2021-04-25,2426,12482,139
Netherlands,2021-05-02,2261,12806,140
Netherlands,2021-05-09,2239,11901,136
Netherlands,2021-05-16,1721,10432,92
Netherlands,2021-05-23,1393,7894,83
Netherlands,2021-05-30,1033,5295,50
Netherlands,2021-06-06,620,3661,56
Netherlands,2021-06-13,392,2678,24
Netherlands,2021-06-20,329,1735,13
Netherlands,2021-06-27,200,1108,8
Netherlands,2021-07-04,90,575,8
Netherlands,2021-07-11,49,424,12
Netherlands,2021-07-18,125,920,12
Netherlands,2021-07-25,437,2704,27
Netherlands,2021-08-01,812,3861,36
Netherlands,2021-08-08,864,3565,50
Netherlands,2021-08-15,886,3143,44
Netherlands,2021-08-22,660,3184,34
Netherlands,2021-08-29,746,3021,50
Netherlands,2021-09-05,683,3095,42
Netherlands,2021-09-12,662,2910,37
Netherlands,2021-09-19,563,2515,43
Netherlands,2021-09-26,513,1901,24
Netherlands,2021-10-03,379,1665,27
Netherlands,2021-10-10,463,2064,23
Netherlands,2021-10-17,521,2517,49
Netherlands,2021-10-24,760,3449,82
Netherlands,2021-10-31,868,5301,142
Netherlands,2021-11-07,1036,7481,174
Netherlands,2021-11-14,1368,9000,202
Netherlands,2021-11-21,1727,11420,347
Netherlands,2021-11-28,2094,14082,419
Netherlands,2021-12-05,2266,14666,433
Netherlands,2021-12-12,1998,13615,414
Netherlands,2021-12-19,1827,11568,292
Netherlands,2021-12-26,1438,8668,173
Netherlands,2022-01-02,1232,7529,132
Netherlands,2022-01-09,936,6421,85
Netherlands,2022-01-16,761,5838,59
Netherlands,2022-01-23,547,5178,63
Netherlands,2022-01-30,513,6312,53
Netherlands,2022-02-06,683,8241,72
Netherlands,2022-02-13,718,8727,90
Netherlands,2022-02-20,613,8957,95
Netherlands,2022-02-27,659,7844,59
Netherlands,2022-03-06,595,6884,70
Netherlands,2022-03-13,648,9034,78
Netherlands,2022-03-20,742,11520,97
Netherlands,2022-03-27,882,11117,107
Netherlands,2022-04-03,749,10003,82
Netherlands,2022-04-10,549,7837,63
Netherlands,2022-04-17,256,4691,44
Netherlands,2022-04-24,191,3369,29
Netherlands,2022-05-01,180,2639,34
Netherlands,2022-05-08,135,1916,13
Netherlands,2022-05-15,128,1808,12
Netherlands,2022-05-22,85,1529,13
Netherlands,2022-05-29,91,1051,11
Netherlands,2022-06-05,104,1159,4
Netherlands,2022-06-12,73,999,10
Netherlands,2022-06-19,133,1553,14
Netherlands,2022-06-26,122,2296,16
Netherlands,2022-07-03,140,3125,28
Netherlands,2022-07-10,183,3818,20
Netherlands,2022-07-17,181,4585,35
Netherlands,2022-07-24,232,5055,32
Netherlands,2022-07-31,285,4985,32
Netherlands,2022-08-07,191,3919,31
Netherlands,2022-08-14,164,3350,28
Netherlands,2022-08-21,153,2793,25
Netherlands,2022-08-28,117,2413,12
Netherlands,2022-09-04,94,1885,8
Netherlands,2022-09-11,111,1624,15
Netherlands,2022-09-18,115,1787,13
Netherlands,2022-09-25,135,2053,11
Netherlands,2022-10-02,130,2965,28
Netherlands,2022-10-09,177,4436,36
Netherlands,2022-10-16,312,5143,50
Netherlands,2022-10-23,370,5564,38
Netherlands,2022-10-30,327,5183,32
Netherlands,2022-11-06,331,4041,26
Netherlands,2022-11-13,171,3066,24
Netherlands,2022-11-20,107,2373,10
Netherlands,2022-11-27,158,2201,11
Netherlands,2022-12-04,163,2549,14
Netherlands,2022-12-11,145,2508,16
Netherlands,2022-12-18,169,2908,15
Netherlands,2022-12-25,240,3536,21
Netherlands,2023-01-01,241,3551,10
Norway,2020-03-01,0,0,0
Norway,2020-03-08,0,2,0
Norway,2020-03-15,11,50,1
Norway,2020-03-22,44,189,11
Norway,2020-03-29,78,290,49
Norway,2020-04-05,36,199,57
Norway,2020-04-12,12,92,51
Norway,2020-04-19,15,67,34
Norway,2020-04-26,13,40,26
Norway,2020-05-03,3,16,9
Norway,2020-05-10,4,17,5
Norway,2020-05-17,3,11,3
Norway,2020-05-24,1,10,2
Norway,2020-05-31,1,10,1
Norway,2020-06-07,0,2,0
Norway,2020-06-14,4,8,0
Norway,2020-06-21,2,7,2
Norway,2020-06-28,0,13,4
Norway,2020-07-05,1,6,1
Norway,2020-07-12,1,2,0
Norway,2020-07-19,1,8,1
Norway,2020-07-26,1,3,1
Norway,2020-08-02,0,11,1
Norway,2020-08-09,1,16,0
Norway,2020-08-16,1,10,1
Norway,2020-08-23,1,12,0
Norway,2020-08-30,1,12,0
Norway,2020-09-06,1,12,1
Norway,2020-09-13,2,20,2
Norway,2020-09-20,2,23,5
Norway,2020-09-27,3,15,2
Norway,2020-10-04,3,23,3
Norway,2020-10-11,2,32,1
Norway,2020-10-18,6,22,1
Norway,2020-10-25,4,43,2
Norway,2020-11-01,5,54,6
Norway,2020-11-08,17,100,12
Norway,2020-11-15,17,111,25
Norway,2020-11-22,24,110,35
Norway,2020-11-29,14,96,36
Norway,2020-12-06,19,112,25
Norway,2020-12-13,20,83,19
Norway,2020-12-20,14,100,13
Norway,2020-12-27,14,79,31
Norway,2021-01-03,11,99,25
Norway,2021-01-10,22,92,75
Norway,2021-01-17,15,91,20
Norway,2021-01-24,14,92,18
Norway,2021-01-31,10,48,12
Norway,2021-02-07,10,34,11
Norway,2021-02-14,8,46,8
Norway,2021-02-21,8,62,4
Norway,2021-02-28,12,75,5
Norway,2021-03-07,18,106,12
Norway,2021-03-14,30,174,20
Norway,2021-03-21,47,231,24
Norway,2021-03-28,55,209,15
Norway,2021-04-04,55,212,24
Norway,2021-04-11,32,202,12
Norway,2021-04-18,34,172,8
Norway,2021-04-25,29,134,6
Norway,2021-05-02,14,72,4
Norway,2021-05-09,12,72,2
Norway,2021-05-16,13,66,5
Norway,2021-05-23,14,61,3
Norway,2021-05-30,10,51,2
Norway,2021-06-06,8,50,1
Norway,2021-06-13,3,29,2
Norway,2021-06-20,0,22,0
Norway,2021-06-27,5,20,0
Norway,2021-07-04,2,17,2
Norway,2021-07-11,5,18,1
Norway,2021-07-18,5,18,2
Norway,2021-07-25,3,19,1
Norway,2021-08-01,3,20,6
Norway,2021-08-08,6,34,8
Norway,2021-08-15,3,36,2
Norway,2021-08-22,6,49,8
Norway,2021-08-29,8,70,20
Norway,2021-09-05,17,70,14
Norway,2021-09-12,24,102,18
Norway,2021-09-19,12,80,7
Norway,2021-09-26,17,65,7
Norway,2021-10-03,10,60,11
Norway,2021-10-10,15,58,13
Norway,2021-10-17,16,62,15
Norway,2021-10-24,13,82,23
Norway,2021-10-31,22,117,53
Norway,2021-11-07,41,146,53
Norway,2021-11-14,29,166,59
Norway,2021-11-21,24,152,48
Norway,2021-11-28,45,181,46
Norway,2021-12-05,45,220,66
Norway,2021-12-12,72,229,60
Norway,2021-12-19,64,257,40
Norway,2021-12-26,52,201,25
Norway,2022-01-02,40,191,30
Norway,2022-01-09,33,151,25
Norway,2022-01-16,18,122,30
Norway,2022-01-23,24,159,31
Norway,2022-01-30,20,231,34
Norway,2022-02-06,21,248,40
Norway,2022-02-13,17,325,48
Norway,2022-02-20,40,458,71
Norway,2022-02-27,39,541,87
Norway,2022-03-06,65,561,67
Norway,2022-03-13,41,552,46
Norway,2022-03-20,36,412,11
Norway,2022-03-27,35,357,5
Norway,2022-04-03,31,259,4
Norway,2022-04-10,24,220,8
Norway,2022-04-17,14,165,8
Norway,2022-04-24,20,142,4
Norway,2022-05-01,11,82,10
Norway,2022-05-08,10,80,4
Norway,2022-05-15,7,91,12
Norway,2022-05-22,7,82,4
Norway,2022-05-29,13,92,18
Norway,2022-06-05,11,109,9
Norway,2022-06-12,9,167,6
Norway,2022-06-19,20,239,6
Norway,2022-06-26,27,336,7
Norway,2022-07-03,27,381,1
Norway,2022-07-10,28,344,0
Norway,2022-07-17,22,297,0
Norway,2022-07-24,21,216,0
Norway,2022-07-31,23,238,0
Norway,2022-08-07,21,189,0
Norway,2022-08-14,19,215,0
Norway,2022-08-21,10,135,0
Norway,2022-08-28,11,112,0
Norway,2022-09-04,10,98,0
Norway,2022-09-11,10,108,0
Norway,2022-09-18,11,89,0
Norway,2022-09-25,7,98,0
Norway,2022-10-02,8,105,0
Norway,2022-10-09,7,102,0
Slovenia,2020-03-22,8,41,1
Slovenia,2020-03-29,18,77,1
Slovenia,2020-04-05,13,52,11
Slovenia,2020-04-12,13,56,20
Slovenia,2020-04-19,8,45,28
Slovenia,2020-04-26,4,24,22
Slovenia,2020-05-03,4,18,7
Slovenia,2020-05-10,0,7,15
Slovenia,2020-05-17,0,4,5
Slovenia,2020-05-24,1,0,1
Slovenia,2020-05-31,0,1,2
Slovenia,2020-06-07,0,1,0
Slovenia,2020-06-14,0,1,1
Slovenia,2020-06-21,1,3,0
Slovenia,2020-06-28,3,3,0
Slovenia,2020-07-05,0,4,0
Slovenia,2020-07-12,1,15,0
Slovenia,2020-07-19,3,11,0
Slovenia,2020-07-26,2,19,1
Slovenia,2020-08-02,2,9,4
Slovenia,2020-08-09,3,13,5
Slovenia,2020-08-16,1,12,6
Slovenia,2020-08-23,0,11,1
Slovenia,2020-08-30,3,15,2
Slovenia,2020-09-06,2,17,0
Slovenia,2020-09-13,4,30,1
Slovenia,2020-09-20,11,54,3
Slovenia,2020-09-27,14,72,8
Slovenia,2020-10-04,6,86,10
Slovenia,2020-10-11,27,133,7
Slovenia,2020-10-18,42,236,17
Slovenia,2020-10-25,57,471,34
Slovenia,2020-11-01,114,706,76
Slovenia,2020-11-08,128,912,153
Slovenia,2020-11-15,129,894,204
Slovenia,2020-11-22,125,741,270
Slovenia,2020-11-29,121,865,291
Slovenia,2020-12-06,122,827,362
Slovenia,2020-12-13,136,859,404
Slovenia,2020-12-20,110,732,353
Slovenia,2020-12-27,112,693,298
Slovenia,2021-01-03,107,756,257
Slovenia,2021-01-10,112,748,449
Slovenia,2021-01-17,100,752,191
Slovenia,2021-01-24,96,700,187
Slovenia,2021-01-31,80,582,149
Slovenia,2021-02-07,71,501,119
Slovenia,2021-02-14,56,372,91
Slovenia,2021-02-21,46,281,41
Slovenia,2021-02-28,57,319,66
Slovenia,2021-03-07,37,319,38
Slovenia,2021-03-14,53,270,46
Slovenia,2021-03-21,52,328,49
Slovenia,2021-03-28,62,372,53
Slovenia,2021-04-04,95,400,61
Slovenia,2021-04-11,81,454,44
Slovenia,2021-04-18,74,433,46
Slovenia,2021-04-25,78,408,55
Slovenia,2021-05-02,66,368,52
Slovenia,2021-05-09,63,283,31
Slovenia,2021-05-16,42,236,29
Slovenia,2021-05-23,49,162,19
Slovenia,2021-05-30,26,123,19
Slovenia,2021-06-06,14,99,14
Slovenia,2021-06-13,19,85,20
Slovenia,2021-06-20,14,50,9
Slovenia,2021-06-27,3,27,6
Slovenia,2021-07-04,2,25,1
Slovenia,2021-07-11,3,18,8
Slovenia,2021-07-18,2,8,0
Slovenia,2021-07-25,2,15,1
Slovenia,2021-08-01,3,14,1
Slovenia,2021-08-08,4,20,1
Slovenia,2021-08-15,5,39,0
Slovenia,2021-08-22,15,58,9
Slovenia,2021-08-29,17,138,10
Slovenia,2021-09-05,31,185,8
Slovenia,2021-09-12,48,225,21
Slovenia,2021-09-19,57,263,36
Slovenia,2021-09-26,57,280,45
Slovenia,2021-10-03,67,307,54
Slovenia,2021-10-10,61,268,50
Slovenia,2021-10-17,56,260,35
Slovenia,2021-10-24,66,358,52
Slovenia,2021-10-31,92,530,75
Slovenia,2021-11-07,125,656,104
Slovenia,2021-11-14,146,726,128
Slovenia,2021-11-21,162,741,142
Slovenia,2021-11-28,162,692,148
Slovenia,2021-12-05,137,580,135
Slovenia,2021-12-12,104,467,114
Slovenia,2021-12-19,91,333,85
Slovenia,2021-12-26,75,286,61
Slovenia,2022-01-02,75,285,64
Slovenia,2022-01-09,77,330,57
Slovenia,2022-01-16,67,379,51
Slovenia,2022-01-23,58,456,84
Slovenia,2022-01-30,88,604,119
Slovenia,2022-02-06,89,671,173
Slovenia,2022-02-13,92,684,167
Slovenia,2022-02-20,62,580,185
Slovenia,2022-02-27,59,354,151
Slovenia,2022-03-06,26,254,101
Slovenia,2022-03-13,39,226,80
Slovenia,2022-03-20,22,203,64
Slovenia,2022-03-27,37,224,50
Slovenia,2022-04-03,16,221,60
Slovenia,2022-04-10,30,207,56
Slovenia,2022-04-17,14,142,51
Slovenia,2022-04-24,17,134,55
Slovenia,2022-05-01,15,133,40
Slovenia,2022-05-08,14,100,42
Slovenia,2022-05-15,10,62,31
Slovenia,2022-05-22,5,35,18
Slovenia,2022-05-29,2,32,11
Slovenia,2022-06-05,5,34,13
Slovenia,2022-06-12,2,29,9
Slovenia,2022-06-19,2,30,7
Slovenia,2022-06-26,7,44,4
Slovenia,2022-07-03,4,86,11
Slovenia,2022-07-10,8,85,20
Slovenia,2022-07-17,12,151,24
Slovenia,2022-07-24,20,140,53
Slovenia,2022-07-31,12,108,47
Slovenia,2022-08-07,12,121,50
Slovenia,2022-08-14,10,124,51
Slovenia,2022-08-21,13,105,34
Slovenia,2022-08-28,13,95,41
Slovenia,2022-09-04,6,102,28
Slovenia,2022-09-11,7,73,23
Slovenia,2022-09-18,10,91,33
Slovenia,2022-09-25,13,80,21
Slovenia,2022-10-02,21,142,37
Slovenia,2022-10-09,20,133,49
Slovenia,2022-10-16,17,120,49
Slovenia,2022-10-23,7,87,49
Slovenia,2022-10-30,12,92,34
Slovenia,2022-11-06,8,95,33
Slovenia,2022-11-13,11,92,22
Slovenia,2022-11-20,12,94,22
Slovenia,2022-11-27,7,99,27
Slovenia,2022-12-04,7,99,34
Slovenia,2022-12-11,11,129,41
Slovenia,2022-12-18,17,164,61
Slovenia,2022-12-25,21,143,75
Slovenia,2023-01-01,20,142,70
Slovenia,2023-01-08,18,124,71
Slovenia,2023-01-15,16,95,52
Slovenia,2023-01-22,6,69,50
Slovenia,2023-01-29,5,45,32
Slovenia,2023-02-05,2,35,11
Slovenia,2023-02-12,1,23,18
Slovenia,2023-02-19,3,34,18
Slovenia,2023-02-26,5,35,25
Slovenia,2023-03-05,6,56,13
Slovenia,2023-03-12,5,43,16
Slovenia,2023-03-19,5,76,23
Slovenia,2023-03-26,8,62,27
Spain,2020-08-09,828,8477,90
Spain,2020-08-16,2271,24646,147
Spain,2020-08-23,3004,32134,204
Spain,2020-08-30,3666,39724,308
Spain,2020-09-06,4179,43935,394
Spain,2020-09-13,4535,47550,510
Spain,2020-09-20,4902,55340,680
Spain,2020-09-27,5178,57456,827
Spain,2020-10-04,5367,53966,880
Spain,2020-10-11,4827,53748,947
Spain,2020-10-18,5496,60427,944
Spain,2020-10-25,7588,75363,1053
Spain,2020-11-01,9494,92779,1387
Spain,2020-11-08,10828,99866,1798
Spain,2020-11-15,10612,95653,2304
Spain,2020-11-22,8785,80959,2344
Spain,2020-11-29,6948,62288,2183
Spain,2020-12-06,5345,51954,1873
Spain,2020-12-13,4425,45120,1526
Spain,2020-12-20,4643,49846,1360
Spain,2020-12-27,5308,51373,1146
Spain,2021-01-03,5883,54129,1172
Spain,2021-01-10,7600,69888,2864
Spain,2021-01-17,10409,102130,2325
Spain,2021-01-24,14749,143251,3407
Spain,2021-01-31,16176,153857,3819
Spain,2021-02-07,14561,126767,3315
Spain,2021-02-14,10988,91268,2459
Spain,2021-02-21,7657,62105,1692
Spain,2021-02-28,6023,47251,1315
Spain,2021-03-07,5145,40072,927
Spain,2021-03-14,4605,35307,717
Spain,2021-03-21,4578,34024,592
Spain,2021-03-28,5120,34260,533
Spain,2021-04-04,5351,39232,538
Spain,2021-04-11,6355,45008,563
Spain,2021-04-18,7251,49010,570
Spain,2021-04-25,7475,49459,528
Spain,2021-05-02,6644,45685,453
Spain,2021-05-09,5936,39157,458
Spain,2021-05-16,4559,32101,363
Spain,2021-05-23,3596,25806,253
Spain,2021-05-30,3029,21988,191
Spain,2021-06-06,2428,19808,209
Spain,2021-06-13,2089,17038,145
Spain,2021-06-20,1856,13989,130
Spain,2021-06-27,1367,11974,113
Spain,2021-07-04,1432,13016,89
Spain,2021-07-11,2069,19400,89
Spain,2021-07-18,3813,33783,162
Spain,2021-07-25,6299,52360,397
Spain,2021-08-01,7758,59386,556
Spain,2021-08-08,7805,55286,710
Spain,2021-08-15,6391,49069,803
Spain,2021-08-22,5771,40575,713
Spain,2021-08-29,4494,34226,641
Spain,2021-09-05,3564,27356,562
Spain,2021-09-12,2690,19989,442
Spain,2021-09-19,2200,14772,373
Spain,2021-09-26,1598,11936,253
Spain,2021-10-03,1104,10044,192
Spain,2021-10-10,930,8347,151
Spain,2021-10-17,968,7255,129
Spain,2021-10-24,1205,8229,123
Spain,2021-10-31,1127,8336,106
Spain,2021-11-07,985,8722,96
Spain,2021-11-14,1260,9956,161
Spain,2021-11-21,1715,13025,155
Spain,2021-11-28,2427,18839,194
Spain,2021-12-05,3395,22204,295
Spain,2021-12-12,3976,26467,355
Spain,2021-12-19,4882,33756,501
Spain,2021-12-26,5957,43709,584
Spain,2022-01-02,7024,64493,731
Spain,2022-01-09,8328,84020,1047
Spain,2022-01-16,9006,98265,1387
Spain,2022-01-23,8700,103601,1568
Spain,2022-01-30,7621,96947,1769
Spain,2022-02-06,6466,82833,1706
Spain,2022-02-13,4786,63324,1400
Spain,2022-02-20,3426,46382,943
Spain,2022-02-27,2618,32945,662
Spain,2022-03-06,1992,25408,528
Spain,2022-03-13,1843,22588,444
Spain,2022-03-20,1601,22635,373
Spain,2022-03-27,1513,22728,311
Spain,2022-04-03,1390,22492,313
Spain,2022-04-10,1423,22944,336
Spain,2022-04-17,1392,27875,385
Spain,2022-04-24,1613,31917,419
Spain,2022-05-01,1825,37869,417
Spain,2022-05-08,2183,41533,494
Spain,2022-05-15,2293,45941,552
Spain,2022-05-22,2318,45211,532
Spain,2022-05-29,2305,40654,454
Spain,2022-06-05,1825,37098,442
Spain,2022-06-12,1678,37965,427
Spain,2022-06-19,1790,42303,497
Spain,2022-06-26,2430,52867,525
Spain,2022-07-03,3198,67136,643
Spain,2022-07-10,3331,75194,853
Spain,2022-07-17,3253,71221,1104
Spain,2022-07-24,2988,60626,958
Spain,2022-07-31,2464,47435,788
Spain,2022-08-07,1873,35049,597
Spain,2022-08-14,1532,26477,498
Spain,2022-08-21,1398,21491,339
Spain,2022-08-28,1200,18688,305
Spain,2022-09-04,1080,15487,252
Spain,2022-09-11,831,13818,171
Spain,2022-09-18,842,13596,165
Spain,2022-09-25,791,12549,107
Spain,2022-10-02,855,13217,126
Spain,2022-10-09,884,16940,150
Spain,2022-10-16,998,19274,147
Spain,2022-10-23,1123,19988,179
Spain,2022-10-30,1102,19244,166
Spain,2022-11-06,1056,18163,142
Spain,2022-11-13,1086,19237,147
Spain,2022-11-20,1267,21933,163
Spain,2022-11-27,1336,22083,175
Spain,2022-12-04,1389,22568,183
Spain,2022-12-11,1541,23037,190
Spain,2022-12-18,1549,24646,241
Spain,2022-12-25,1393,22499,217
Spain,2023-01-01,1300,21267,210
Spain,2023-01-08,1265,21342,202
Spain,2023-01-15,1124,20144,178
Spain,2023-01-22,898,15059,197
Spain,2023-01-29,641,11540,136
Spain,2023-02-05,715,10578,116
Spain,2023-02-12,433,9543,103
Spain,2023-02-19,589,9244,85
Spain,2023-02-26,514,9753,91
Spain,2023-03-05,539,9840,82
Spain,2023-03-12,655,12114,97
Spain,2023-03-19,583,12203,123
Spain,2023-03-26,626,11272,95
Spain,2023-04-02,520,11625,84
Spain,2023-04-09,455,11130,86
Spain,2023-04-16,592,12927,80
Spain,2023-04-23,668,13876,112
Spain,2023-04-30,643,14215,128
Spain,2023-05-07,663,14552,98
Spain,2023-05-14,740,14702,102
Spain,2023-05-21,841,13497,100
Spain,2023-05-28,849,13288,99
Spain,2023-06-04,717,12803,98
Spain,2023-06-11,624,11218,89
